•ÈÀOBJECTID	Shape	ZONE	CONTRACTOR	CNTR_DESC	SUBZONE	FREQUENCY	PCKUP_DAY	ROUTE_ID	Shape_Length	Shape_Area
1	"(47.73412841600003, -122.34509698899996)"	G1	WASTEMGT	WASTE MANAGEMENT	1	A	THU	4801	"9,493.78"	"3,287,752.90"
2	"(47.73412841600003, -122.34509698899996)"	G1	WASTEMGT	WASTE MANAGEMENT	1	B	THU	4808	"4,215.77"	"1,088,073.69"
3	"(47.734136542000044, -122.33427600299996)"	G1	WASTEMGT	WASTE MANAGEMENT	1	B	THU	4809	"5,745.50"	"1,974,034.32"
4	"(47.72867768100008, -122.34503681599995)"	G1	WASTEMGT	WASTE MANAGEMENT	1	A	THU	4802	"8,916.74"	"2,660,712.32"
5	"(47.728671758000075, -122.33421605299998)"	G1	WASTEMGT	WASTE MANAGEMENT	1	B	THU	4810	"8,425.25"	"2,874,830.32"
6	"(47.72321151700004, -122.34497671799994)"	G1	WASTEMGT	WASTE MANAGEMENT	1	A	THU	4803	"8,224.52"	"1,800,144.94"
7	"(47.721391776000075, -122.34495675399995)"	G1	WASTEMGT	WASTE MANAGEMENT	1	A	THU	4805	"5,388.04"	"1,538,467.56"
8	"(47.71972464300006, -122.37534049399994)"	G1	WASTEMGT	WASTE MANAGEMENT	1	A	WED	3803	"13,173.18"	"3,682,294.36"
9	"(47.71961844400005, -122.35824773499996)"	G1	WASTEMGT	WASTE MANAGEMENT	1	A	THU	4804	"6,160.72"	"1,816,451.91"
10	"(47.71416979800006, -122.35820301799998)"	G1	WASTEMGT	WASTE MANAGEMENT	1	A	THU	4806	"6,274.83"	"1,952,074.41"
11	"(47.708771038000066, -122.36615028599999)"	G1	WASTEMGT	WASTE MANAGEMENT	1	A	WED	3805	"6,931.39"	"1,485,736.88"
12	"(47.708685169000034, -122.34475399399997)"	G1	WASTEMGT	WASTE MANAGEMENT	1	A	THU	4807	"5,632.37"	"1,274,159.28"
13	"(47.705051222000066, -122.34469394399997)"	G1	WASTEMGT	WASTE MANAGEMENT	1	A	WED	3807	"5,739.63"	"1,065,336.16"
14	"(47.70154678000006, -122.38755550599996)"	G1	WASTEMGT	WASTE MANAGEMENT	1	A	WED	3802	"5,608.49"	"1,292,419.69"
15	"(47.701546809000035, -122.39103410599995)"	G1	WASTEMGT	WASTE MANAGEMENT	1	A	WED	3801	"6,813.62"	"2,592,612.12"
16	"(47.70122592100006, -122.37677153299995)"	G1	WASTEMGT	WASTE MANAGEMENT	1	A	WED	3804	"6,974.53"	"1,536,837.05"
17	"(47.70154244500003, -122.37676925899996)"	G1	WASTEMGT	WASTE MANAGEMENT	1	A	WED	3806	"6,652.46"	"1,175,059.67"
18	"(47.70142998000006, -122.34465103099996)"	G1	WASTEMGT	WASTE MANAGEMENT	1	B	WED	3808	"5,673.05"	"1,207,908.56"
19	"(47.701423248000026, -122.34195726099995)"	G1	WASTEMGT	WASTE MANAGEMENT	1	B	THU	4814	"5,398.51"	"899,872.18"
20	"(47.695959377000065, -122.33649932399999)"	G1	WASTEMGT	WASTE MANAGEMENT	1	B	THU	4813	"6,345.86"	"1,238,051.46"
21	"(47.700381994000054, -122.36471869199994)"	G1	WASTEMGT	WASTE MANAGEMENT	1	B	WED	3809	"5,194.52"	"1,294,675.47"
22	"(47.697851866000065, -122.36070579399995)"	G1	WASTEMGT	WASTE MANAGEMENT	1	B	WED	3812	"5,512.51"	"1,073,745.10"
23	"(47.69780873800005, -122.34460812499998)"	G1	WASTEMGT	WASTE MANAGEMENT	1	B	WED	3810	"4,782.41"	"1,073,406.19"
24	"(47.69418565700005, -122.344565166)"	G1	WASTEMGT	WASTE MANAGEMENT	1	B	WED	3811	"5,041.58"	"1,150,596.74"
25	"(47.690567799000064, -122.39882265499995)"	G1	WASTEMGT	WASTE MANAGEMENT	1	B	TUE	2809	"5,630.56"	"1,303,266.53"
26	"(47.690582273000075, -122.38541673199995)"	G1	WASTEMGT	WASTE MANAGEMENT	1	B	TUE	2811	"3,998.28"	"848,793.44"
27	"(47.69065539700006, -122.36599298599998)"	G1	WASTEMGT	WASTE MANAGEMENT	1	B	TUE	2814	"4,239.70"	"876,246.93"
28	"(47.690578982000034, -122.34991177499995)"	G1	WASTEMGT	WASTE MANAGEMENT	1	B	MON	1813	"3,857.94"	"798,454.43"
29	"(47.69056258200004, -122.34452171299995)"	G1	WASTEMGT	WASTE MANAGEMENT	1	B	MON	1814	"3,826.17"	"794,372.75"
30	"(47.69050090800005, -122.33644038699998)"	G1	WASTEMGT	WASTE MANAGEMENT	1	A	FRI	5801	"5,006.22"	"1,078,169.89"
31	"(47.69055092100007, -122.32956641999999)"	G1	WASTEMGT	WASTE MANAGEMENT	1	A	FRI	5802	"4,570.56"	"1,027,856.81"
32	"(47.68838776800004, -122.36064889399995)"	G1	WASTEMGT	WASTE MANAGEMENT	1	B	WED	3813	"4,135.70"	"879,300.95"
33	"(47.68838957300005, -122.35530068899999)"	G1	WASTEMGT	WASTE MANAGEMENT	1	B	WED	3814	"4,082.84"	"860,248.91"
34	"(47.686774092000064, -122.39192722999996)"	G1	WASTEMGT	WASTE MANAGEMENT	1	B	TUE	2808	"5,949.62"	"1,672,997.22"
35	"(47.68681091500008, -122.38647207799994)"	G1	WASTEMGT	WASTE MANAGEMENT	1	B	TUE	2810	"3,991.74"	"878,930.58"
36	"(47.686936365000065, -122.36600154999996)"	G1	WASTEMGT	WASTE MANAGEMENT	1	B	TUE	2813	"3,947.88"	"785,377.95"
37	"(47.68505830300006, -122.37678667999995)"	G1	WASTEMGT	WASTE MANAGEMENT	1	B	TUE	2812	"4,214.03"	"906,150.98"
38	"(47.68310758500007, -122.39191216799998)"	G1	WASTEMGT	WASTE MANAGEMENT	1	A	TUE	2806	"4,544.98"	"824,717.19"
39	"(47.68256023600003, -122.34989091099999)"	G1	WASTEMGT	WASTE MANAGEMENT	1	B	MON	1812	"4,648.21"	"837,961.68"
40	"(47.68168313800004, -122.39300788799994)"	G1	WASTEMGT	WASTE MANAGEMENT	1	A	TUE	2807	"6,245.88"	"1,648,374.47"
41	"(47.681325093000055, -122.38214922499998)"	G1	WASTEMGT	WASTE MANAGEMENT	1	A	TUE	2805	"4,244.63"	"918,406.06"
42	"(47.679540856000074, -122.37149265399995)"	G1	WASTEMGT	WASTE MANAGEMENT	1	B	MON	1809	"4,110.15"	"869,690.98"
43	"(47.67956030700003, -122.36046912299997)"	G1	WASTEMGT	WASTE MANAGEMENT	1	B	MON	1810	"3,861.36"	"762,508.63"
44	"(47.678682491000075, -122.34549882899995)"	G1	WASTEMGT	WASTE MANAGEMENT	1	B	MON	1811	"4,265.47"	"997,146.21"
45	"(47.67662034700004, -122.39295998299997)"	G1	WASTEMGT	WASTE MANAGEMENT	1	A	TUE	2803	"5,895.73"	"1,394,448.94"
46	"(47.675948478000066, -122.38758467699995)"	G1	WASTEMGT	WASTE MANAGEMENT	1	A	TUE	2802	"6,534.42"	"1,675,375.02"
47	"(47.67599157300003, -122.36352747899997)"	G1	WASTEMGT	WASTE MANAGEMENT	1	A	MON	1807	"5,059.42"	"966,962.65"
48	"(47.675963713000044, -122.33084602799994)"	G1	WASTEMGT	WASTE MANAGEMENT	1	A	FRI	5806	"4,082.51"	"847,324.26"
49	"(47.675858230000074, -122.32078248699997)"	G1	WASTEMGT	WASTE MANAGEMENT	1	A	FRI	5804	"3,821.53"	"823,314.88"
50	"(47.671151433000034, -122.35438993199995)"	G1	WASTEMGT	WASTE MANAGEMENT	1	A	MON	1805	"4,387.68"	"960,753.02"
51	"(47.67076511400006, -122.32187386899994)"	G1	WASTEMGT	WASTE MANAGEMENT	1	A	FRI	5805	"4,062.62"	"896,211.31"
52	"(47.67088988800003, -122.36617381899998)"	G1	WASTEMGT	WASTE MANAGEMENT	1	A	MON	1806	"4,816.42"	"1,273,831.72"
53	"(47.66938159000006, -122.33050923099995)"	G1	WASTEMGT	WASTE MANAGEMENT	1	A	FRI	5807	"3,815.93"	"770,661.22"
54	"(47.668650641000056, -122.36220415699995)"	G1	WASTEMGT	WASTE MANAGEMENT	1	A	MON	1803	"7,046.51"	"2,050,736.70"
55	"(47.66500909800004, -122.34731122699998)"	G1	WASTEMGT	WASTE MANAGEMENT	1	A	MON	1804	"4,210.99"	"1,008,176.50"
56	"(47.66503444500006, -122.34020752699996)"	G1	WASTEMGT	WASTE MANAGEMENT	1	B	FRI	5809	"4,398.59"	"1,163,229.48"
57	"(47.66500265900004, -122.32826780899995)"	G1	WASTEMGT	WASTE MANAGEMENT	1	B	FRI	5808	"4,360.47"	"953,873.57"
58	"(47.661329015000035, -122.32228554299996)"	G1	WASTEMGT	WASTE MANAGEMENT	1	B	FRI	5810	"4,281.13"	"896,155.89"
59	"(47.65918324300003, -122.34225647399995)"	G1	WASTEMGT	WASTE MANAGEMENT	1	B	FRI	5812	"7,595.17"	"2,019,593.01"
60	"(47.659152204000065, -122.33620820399994)"	G1	WASTEMGT	WASTE MANAGEMENT	1	B	FRI	5811	"5,654.07"	"978,607.50"
61	"(47.655512531000056, -122.32237869399995)"	G1	WASTEMGT	WASTE MANAGEMENT	1	B	FRI	5813	"5,338.21"	"915,642.71"
62	"(47.59417261500005, -122.38353247599997)"	G1	WASTEMGT	WASTE MANAGEMENT	4	B	MON	1837	"11,130.25"	"3,577,019.53"
63	"(47.59417261500005, -122.38353247599997)"	G1	WASTEMGT	WASTE MANAGEMENT	4	B	MON	1831	"13,029.80"	"2,284,412.92"
64	"(47.581195336000064, -122.38654570399996)"	G1	WASTEMGT	WASTE MANAGEMENT	4	B	MON	1836	"5,670.65"	"1,248,488.10"
65	"(47.58270369600007, -122.40207367599999)"	G1	WASTEMGT	WASTE MANAGEMENT	4	B	MON	1834	"8,631.93"	"2,959,588.36"
66	"(47.58589853800004, -122.28915288499996)"	G1	WASTEMGT	WASTE MANAGEMENT	4	B	THU	4830	"5,364.85"	"1,406,453.86"
67	"(47.58652986200008, -122.37864492999995)"	G1	WASTEMGT	WASTE MANAGEMENT	4	B	MON	1830	"8,113.15"	"1,820,411.89"
68	"(47.584536273000026, -122.31811904499995)"	G1	WASTEMGT	WASTE MANAGEMENT	4	B	WED	3833	"8,513.27"	"1,559,875.13"
69	"(47.58690987500006, -122.30468324299994)"	G1	WASTEMGT	WASTE MANAGEMENT	4	A	THU	4821	"5,725.94"	"1,320,957.08"
70	"(47.585705191000045, -122.28405252999994)"	G1	WASTEMGT	WASTE MANAGEMENT	4	B	THU	4831	"7,509.96"	"1,976,062.61"
71	"(47.581195336000064, -122.38654570399996)"	G1	WASTEMGT	WASTE MANAGEMENT	4	B	MON	1835	"5,116.17"	"1,243,547.56"
72	"(47.58099444800007, -122.30016671299995)"	G1	WASTEMGT	WASTE MANAGEMENT	4	A	THU	4822	"4,961.67"	"1,241,640.62"
73	"(47.57947122100006, -122.31237671899999)"	G1	WASTEMGT	WASTE MANAGEMENT	4	A	THU	4823	"5,691.57"	"971,552.58"
74	"(47.57580316600007, -122.40274458999994)"	G1	WASTEMGT	WASTE MANAGEMENT	4	B	MON	1833	"4,919.62"	"1,052,749.96"
75	"(47.57562625200006, -122.38676048099995)"	G1	WASTEMGT	WASTE MANAGEMENT	4	B	MON	1832	"6,970.67"	"1,681,010.24"
76	"(47.577373641000065, -122.28060344799997)"	G1	WASTEMGT	WASTE MANAGEMENT	4	B	THU	4832	"5,987.68"	"1,552,626.82"
77	"(47.57505799000006, -122.37598614199999)"	G1	WASTEMGT	WASTE MANAGEMENT	4	B	MON	1829	"4,781.96"	"934,623.76"
78	"(47.57177514300008, -122.37180106699998)"	G1	WASTEMGT	WASTE MANAGEMENT	4	A	MON	1828	"5,072.75"	"955,656.50"
79	"(47.57587274300005, -122.29624333699996)"	G1	WASTEMGT	WASTE MANAGEMENT	4	A	THU	4824	"9,965.04"	"4,249,594.87"
80	"(47.572231368000075, -122.41370125899999)"	G1	WASTEMGT	WASTE MANAGEMENT	4	A	MON	1824	"17,850.45"	"4,769,750.67"
81	"(47.57201585300004, -122.38676521199994)"	G1	WASTEMGT	WASTE MANAGEMENT	4	A	MON	1826	"4,787.12"	"1,162,404.97"
82	"(47.57290385400006, -122.27834490499998)"	G1	WASTEMGT	WASTE MANAGEMENT	4	B	THU	4834	"7,464.00"	"2,378,649.25"
83	"(47.571592096000074, -122.36068905099995)"	G1	WASTEMGT	WASTE MANAGEMENT	4	A	TUE	2820	"8,710.61"	"2,001,841.75"
84	"(47.55741571900006, -122.35378510099997)"	G1	WASTEMGT	WASTE MANAGEMENT	4	A	WED	3820	"8,131.51"	"2,559,502.52"
85	"(47.56794836300003, -122.28924361599996)"	G1	WASTEMGT	WASTE MANAGEMENT	4	A	THU	4825	"7,147.92"	"1,711,087.66"
86	"(47.56850716300005, -122.39746067399994)"	G1	WASTEMGT	WASTE MANAGEMENT	4	A	MON	1825	"6,148.57"	"1,309,049.98"
87	"(47.57009718900008, -122.27826702399994)"	G1	WASTEMGT	WASTE MANAGEMENT	4	B	THU	4833	"5,856.51"	"1,577,602.71"
88	"(47.56836864700006, -122.38148656099997)"	G1	WASTEMGT	WASTE MANAGEMENT	4	A	MON	1827	"4,396.08"	"1,209,506.33"
89	"(47.56532390800004, -122.31269100199995)"	G1	WASTEMGT	WASTE MANAGEMENT	4	B	WED	3834	"5,666.79"	"1,346,985.33"
90	"(47.56472028700006, -122.386771437)"	G1	WASTEMGT	WASTE MANAGEMENT	4	A	MON	1823	"5,253.44"	"1,099,165.82"
91	"(47.56359679900004, -122.37619205599998)"	G1	WASTEMGT	WASTE MANAGEMENT	4	A	TUE	2823	"5,994.94"	"1,367,719.03"
92	"(47.55513857300008, -122.36630370799998)"	G1	WASTEMGT	WASTE MANAGEMENT	4	A	TUE	 	"5,804.17"	"1,863,548.21"
93	"(47.56062657800004, -122.26171666799996)"	G1	WASTEMGT	WASTE MANAGEMENT	4	B	THU	4837	"10,218.29"	"5,139,001.64"
94	"(47.56114223800006, -122.38145861699996)"	G1	WASTEMGT	WASTE MANAGEMENT	4	A	TUE	2821	"5,875.16"	"1,342,231.14"
95	"(47.56110533100008, -122.30508701899998)"	G1	WASTEMGT	WASTE MANAGEMENT	4	B	WED	3835	"6,085.10"	"1,275,029.18"
96	"(47.56081720100008, -122.29337876899996)"	G1	WASTEMGT	WASTE MANAGEMENT	4	A	THU	4826	"5,261.15"	"1,326,928.18"
97	"(47.55932476300006, -122.38682976799998)"	G1	WASTEMGT	WASTE MANAGEMENT	4	A	MON	1822	"5,152.79"	"1,057,312.78"
98	"(47.56057152000005, -122.274470383)"	G1	WASTEMGT	WASTE MANAGEMENT	4	B	THU	4835	"4,993.40"	"1,136,177.37"
99	"(47.56059431500006, -122.26944638999998)"	G1	WASTEMGT	WASTE MANAGEMENT	4	B	THU	4836	"5,021.82"	"1,057,775.98"
100	"(47.55741571900006, -122.35378510099997)"	G1	WASTEMGT	WASTE MANAGEMENT	4	A	WED	3821	"8,283.93"	"2,061,662.41"
101	"(47.55378139600003, -122.30287059299997)"	G1	WASTEMGT	WASTE MANAGEMENT	4	B	WED	3836	"5,048.32"	"1,134,290.50"
102	"(47.552110319000064, -122.387038384)"	G1	WASTEMGT	WASTE MANAGEMENT	4	A	MON	1821	"8,310.51"	"1,190,141.47"
103	"(47.53800507400007, -122.31921728199995)"	G1	WASTEMGT	WASTE MANAGEMENT	4	B	WED	3832	"16,999.05"	"9,484,847.01"
104	"(47.555290580000076, -122.29004472499997)"	G1	WASTEMGT	WASTE MANAGEMENT	4	A	THU	4827	"6,218.52"	"1,588,982.19"
105	"(47.55512807100007, -122.36294548499995)"	G1	WASTEMGT	WASTE MANAGEMENT	4	A	TUE	2822	"8,492.50"	"1,729,483.86"
106	"(47.55569696400005, -122.28325121099999)"	G1	WASTEMGT	WASTE MANAGEMENT	4	A	THU	4828	"3,552.48"	"487,020.55"
107	"(47.55374724400008, -122.36821508099996)"	G1	WASTEMGT	WASTE MANAGEMENT	4	A	TUE	2824	"7,352.49"	"1,570,227.21"
108	"(47.55373678800004, -122.36821527799998)"	G1	WASTEMGT	WASTE MANAGEMENT	4	A	TUE	2897	"7,188.62"	"1,557,389.63"
109	"(47.553411691000065, -122.30852004299999)"	G1	WASTEMGT	WASTE MANAGEMENT	4	B	WED	3837	"3,909.33"	"848,226.43"
110	"(47.55191786100005, -122.354810354)"	G1	WASTEMGT	WASTE MANAGEMENT	4	A	WED	3822	"7,895.88"	"1,408,201.34"
111	"(47.55117601400008, -122.27766423599996)"	G1	WASTEMGT	WASTE MANAGEMENT	4	A	FRI	5823	"5,560.77"	"1,487,155.18"
112	"(47.55116467600004, -122.27538215999999)"	G1	WASTEMGT	WASTE MANAGEMENT	4	A	FRI	5821	"4,480.09"	"1,207,641.08"
113	"(47.55122050300008, -122.24302352799998)"	G1	WASTEMGT	WASTE MANAGEMENT	4	A	FRI	5820	"9,517.05"	"3,625,533.69"
114	"(47.54668272500004, -122.38719545099997)"	G1	WASTEMGT	WASTE MANAGEMENT	4	A	MON	1820	"6,384.37"	"1,324,424.70"
115	"(47.54975610000008, -122.28733133599997)"	G1	WASTEMGT	WASTE MANAGEMENT	4	A	THU	4828	"3,571.86"	"702,871.29"
116	"(47.546379278000074, -122.30060094999999)"	G1	WASTEMGT	WASTE MANAGEMENT	4	B	WED	3837	"4,253.26"	"588,516.91"
117	"(47.54628099100006, -122.29688653799997)"	G1	WASTEMGT	WASTE MANAGEMENT	4	A	FRI	5824	"7,843.55"	"2,741,585.50"
118	"(47.54487201900008, -122.38721484699994)"	G1	WASTEMGT	WASTE MANAGEMENT	4	A	TUE	2830	"10,931.05"	"4,111,003.11"
119	"(47.54473087500003, -122.37913894099995)"	G1	WASTEMGT	WASTE MANAGEMENT	4	A	TUE	2825	"4,651.42"	"1,164,013.41"
120	"(47.54467198400005, -122.37442428299994)"	G1	WASTEMGT	WASTE MANAGEMENT	4	A	TUE	2826	"6,472.60"	"1,193,567.56"
121	"(47.54605522000003, -122.263726771)"	G1	WASTEMGT	WASTE MANAGEMENT	4	A	FRI	5822	"6,070.79"	"1,317,325.62"
122	"(47.54247599800004, -122.27280766599995)"	G1	WASTEMGT	WASTE MANAGEMENT	4	A	FRI	5825	"5,568.85"	"1,363,111.79"
123	"(47.53915316800004, -122.33032661199996)"	G1	WASTEMGT	WASTE MANAGEMENT	4	B	WED	3830	"6,810.12"	"1,961,614.44"
124	"(47.53681807600003, -122.37837224199995)"	G1	WASTEMGT	WASTE MANAGEMENT	4	A	TUE	2827	"4,298.76"	"974,720.41"
125	"(47.53896392000007, -122.29647349499999)"	G1	WASTEMGT	WASTE MANAGEMENT	4	A	FRI	5826	"6,074.57"	"1,456,072.36"
126	"(47.53795416400004, -122.36109192799995)"	G1	WASTEMGT	WASTE MANAGEMENT	4	A	WED	3823	"6,939.16"	"1,196,017.29"
127	"(47.53549934400007, -122.34712978399995)"	G1	WASTEMGT	WASTE MANAGEMENT	4	A	WED	3825	"7,699.22"	"1,346,131.15"
128	"(47.537047776000065, -122.28118857999999)"	G1	WASTEMGT	WASTE MANAGEMENT	4	A	FRI	5827	"9,506.87"	"2,694,087.20"
129	"(47.535929837000026, -122.27003549099999)"	G1	WASTEMGT	WASTE MANAGEMENT	4	A	FRI	5828	"7,498.85"	"1,485,123.67"
130	"(47.535523470000044, -122.36475893699998)"	G1	WASTEMGT	WASTE MANAGEMENT	4	A	TUE	2828	"5,925.95"	"2,144,513.26"
131	"(47.534077841000055, -122.34707026999996)"	G1	WASTEMGT	WASTE MANAGEMENT	4	A	WED	3824	"4,282.53"	"1,139,264.05"
132	"(47.531915371000025, -122.37663318999995)"	G1	WASTEMGT	WASTE MANAGEMENT	4	B	TUE	2829	"4,432.86"	"885,048.57"
133	"(47.53094624500005, -122.26998969899995)"	G1	WASTEMGT	WASTE MANAGEMENT	4	B	FRI	5829	"4,384.83"	"1,123,912.37"
134	"(47.53130304600006, -122.25980564899999)"	G1	WASTEMGT	WASTE MANAGEMENT	4	B	FRI	5831	"5,491.09"	"1,715,275.69"
135	"(47.52784124100003, -122.38740187699995)"	G1	WASTEMGT	WASTE MANAGEMENT	4	B	TUE	2831	"6,598.59"	"1,752,718.92"
136	"(47.52828520700007, -122.37663651899999)"	G1	WASTEMGT	WASTE MANAGEMENT	4	B	TUE	2832	"5,970.61"	"1,333,394.60"
137	"(47.52828358200003, -122.36046026999998)"	G1	WASTEMGT	WASTE MANAGEMENT	4	A	WED	3827	"5,810.98"	"1,903,000.54"
138	"(47.52828654800004, -122.35506324799996)"	G1	WASTEMGT	WASTE MANAGEMENT	4	A	WED	3826	"4,461.17"	"934,698.42"
139	"(47.52286063500003, -122.36049366299994)"	G1	WASTEMGT	WASTE MANAGEMENT	4	A	WED	3828	"5,833.98"	"1,335,532.06"
140	"(47.52282779800004, -122.34927407199996)"	G1	WASTEMGT	WASTE MANAGEMENT	4	B	WED	3829	"5,394.24"	"1,109,445.53"
141	"(47.52280049500007, -122.34545294799995)"	G1	WASTEMGT	WASTE MANAGEMENT	4	B	WED	3830	"5,628.57"	"794,103.24"
142	"(47.52330724800004, -122.26998609299994)"	G1	WASTEMGT	WASTE MANAGEMENT	4	B	FRI	5830	"8,870.29"	"2,458,235.62"
143	"(47.523293283000044, -122.26455533399997)"	G1	WASTEMGT	WASTE MANAGEMENT	4	B	FRI	5834	"5,960.32"	"1,616,540.41"
144	"(47.52116251900003, -122.38747598499998)"	G1	WASTEMGT	WASTE MANAGEMENT	4	B	TUE	2833	"8,299.63"	"3,092,840.98"
145	"(47.51927895600005, -122.37682321599999)"	G1	WASTEMGT	WASTE MANAGEMENT	4	B	TUE	2835	"4,832.47"	"1,269,219.99"
146	"(47.51715138700007, -122.27002083599996)"	G1	WASTEMGT	WASTE MANAGEMENT	4	B	FRI	5831	"5,630.87"	"1,257,311.11"
147	"(47.517424205000054, -122.37127817699997)"	G1	WASTEMGT	WASTE MANAGEMENT	4	B	TUE	2834	"11,126.95"	"2,175,843.40"
148	"(47.51331847000006, -122.26424708499997)"	G1	WASTEMGT	WASTE MANAGEMENT	4	B	FRI	5833	"6,499.14"	"1,940,977.75"
149	"(47.511914671000056, -122.37612102699995)"	G1	WASTEMGT	WASTE MANAGEMENT	4	B	TUE	2836	"4,588.56"	"1,208,071.71"
150	"(47.508415107000076, -122.24922375099999)"	G1	WASTEMGT	WASTE MANAGEMENT	4	B	FRI	5836	"4,811.51"	"1,070,569.44"
151	"(47.51008456200003, -122.38816358599996)"	G1	WASTEMGT	WASTE MANAGEMENT	4	B	TUE	2837	"7,837.92"	"2,516,588.21"
152	"(47.506374762000064, -122.24878289499998)"	G1	WASTEMGT	WASTE MANAGEMENT	4	B	FRI	5837	"6,382.46"	"1,217,906.63"
153	"(47.50248595200003, -122.25950640199994)"	G1	WASTEMGT	WASTE MANAGEMENT	4	B	FRI	5832	"5,540.33"	"1,600,753.69"
154	"(47.67598536300005, -122.36602316999995)"	G1	WASTEMGT	WASTE MANAGEMENT	1	B	MON	1808	"3,954.95"	"941,854.88"
155	"(47.58638049900003, -122.37598476299996)"	G1	WASTEMGT	WASTE MANAGEMENT	4	A	WED	3898	"37,713.92"	"15,652,852.22"
156	"(47.719571743000074, -122.34224785599997)"	G1	WASTEMGT	WASTE MANAGEMENT	1	B	THU	4811	"10,517.97"	"3,973,858.48"
157	"(47.70867429000003, -122.33937338999999)"	G1	WASTEMGT	WASTE MANAGEMENT	1	B	THU	4812	"7,480.79"	"2,555,332.94"
158	"(47.590560165000056, -122.30746511799998)"	G1	WASTEMGT	WASTE MANAGEMENT	4	A	THU	4820	"5,956.23"	"1,939,555.55"
159	"(47.67176707600004, -122.40782756699997)"	G2	RECOLOGY	RECOLOGY CLEANSCAPES	3	B	TUE	2345B	"23,604.93"	"11,108,434.05"
160	"(47.63151604600006, -122.39427533399999)"	G2	RECOLOGY	RECOLOGY CLEANSCAPES	3	A	MON	1341A	"12,486.69"	"4,911,539.55"
161	"(47.653720908000025, -122.32237100299994)"	G1	WASTEMGT	WASTE MANAGEMENT	1	B	FRI	5814	"7,349.65"	"1,774,186.07"
162	"(47.67596225400007, -122.37638102299996)"	G1	WASTEMGT	WASTE MANAGEMENT	1	A	TUE	2801	"6,989.68"	"2,336,492.86"
163	"(47.676577344000066, -122.398370237)"	G1	WASTEMGT	WASTE MANAGEMENT	1	A	TUE	2804	"6,176.26"	"1,926,050.62"
164	"(47.61726407200007, -122.30613516299996)"	G2	RECOLOGY	RECOLOGY CLEANSCAPES	3	B	THU	4344B	"11,190.60"	"4,478,161.09"
165	"(47.64221209100003, -122.32250855299998)"	G2	RECOLOGY	RECOLOGY CLEANSCAPES	3	A	WED	3345A	"9,746.00"	"3,069,730.22"
166	"(47.64727314100003, -122.29910605399999)"	G2	RECOLOGY	RECOLOGY CLEANSCAPES	3	A	WED	3320A	"4,009.19"	"768,582.22"
167	"(47.66214266600008, -122.35543125699996)"	G1	WASTEMGT	WASTE MANAGEMENT	1	A	MON	1802	"6,236.80"	"1,400,821.66"
168	"(47.65533799600007, -122.31208585599995)"	G2	RECOLOGY	RECOLOGY CLEANSCAPES	2	A	MON	1325A	"11,140.43"	"3,185,733.01"
169	"(47.65774158800008, -122.34733142699997)"	G1	WASTEMGT	WASTE MANAGEMENT	1	A	MON	1801	"5,991.44"	"1,665,520.31"
170	"(47.65038057900006, -122.35767960099997)"	G2	RECOLOGY	RECOLOGY CLEANSCAPES	3	B	TUE	2344B	"4,663.73"	"1,124,345.18"
171	"(47.66502102100003, -122.35443683099999)"	G1	WASTEMGT	WASTE MANAGEMENT	1	N	COM	COM	"11,391.78"	"4,955,207.43"
172	"(47.52447083900006, -122.29133895899997)"	G1	WASTEMGT	WASTE MANAGEMENT	4	N	COM	COM	"59,630.76"	"28,982,792.67"
173	"(47.64768868500005, -122.31540809799998)"	G2	RECOLOGY	RECOLOGY CLEANSCAPES	3	A	WED	3344A	"6,559.62"	"2,397,362.24"
174	"(47.59787522900007, -122.30222892199998)"	G2	RECOLOGY	RECOLOGY CLEANSCAPES	3	A	FRI	5343A	"8,624.38"	"2,931,581.21"
175	"(47.59805947600006, -122.29744918299997)"	G2	RECOLOGY	RECOLOGY CLEANSCAPES	3	A	FRI	5342A	"4,493.83"	"930,754.75"
176	"(47.62862006800003, -122.29665548899999)"	G2	RECOLOGY	RECOLOGY CLEANSCAPES	3	A	THU	4342A	"8,395.02"	"1,627,824.26"
177	"(47.60025091500006, -122.29257237499996)"	G2	RECOLOGY	RECOLOGY CLEANSCAPES	3	B	FRI	5343B	"8,563.41"	"1,883,354.27"
178	"(47.59051358200003, -122.30214949399999)"	G1	WASTEMGT	WASTE MANAGEMENT	4	B	THU	4829	"8,293.18"	"2,100,217.22"
179	"(47.68850061300003, -122.31004089999999)"	G2	RECOLOGY	RECOLOGY CLEANSCAPES	2	B	TUE	2325B	"5,433.92"	"883,450.03"
180	"(47.69092618900004, -122.29069483699999)"	G2	RECOLOGY	RECOLOGY CLEANSCAPES	2	A	WED	3323A	"5,374.81"	"1,301,338.10"
181	"(47.704677899000046, -122.30228511399997)"	G2	RECOLOGY	RECOLOGY CLEANSCAPES	2	B	THU	4324B	"6,695.78"	"1,533,640.99"
182	"(47.67572243300003, -122.26354490599999)"	G2	RECOLOGY	RECOLOGY CLEANSCAPES	2	B	MON	1321B	"5,376.27"	"1,399,356.05"
183	"(47.63654872800004, -122.31045625799999)"	G2	RECOLOGY	RECOLOGY CLEANSCAPES	3	B	WED	3343B	"5,133.16"	"1,162,518.85"
184	"(47.63717010800008, -122.35828164099996)"	G2	RECOLOGY	RECOLOGY CLEANSCAPES	3	A	TUE	2344A	"4,566.97"	"957,618.48"
185	"(47.73197664400004, -122.29654252699999)"	G2	RECOLOGY	RECOLOGY CLEANSCAPES	2	A	FRI	5321A	"6,184.78"	"1,655,621.12"
186	"(47.69551282600003, -122.27821381199999)"	G2	RECOLOGY	RECOLOGY CLEANSCAPES	2	B	WED	3322B	"8,031.73"	"1,636,403.03"
187	"(47.679412856000056, -122.29742852699997)"	G2	RECOLOGY	RECOLOGY CLEANSCAPES	2	B	TUE	2324B	"4,485.43"	"956,062.33"
188	"(47.692149907000044, -122.31081124999997)"	G2	RECOLOGY	RECOLOGY CLEANSCAPES	2	A	THU	4326A	"3,935.21"	"532,658.26"
189	"(47.64867041200006, -122.39010585699998)"	G2	RECOLOGY	RECOLOGY CLEANSCAPES	3	A	MON	1344A	"5,130.58"	"1,088,933.75"
190	"(47.70868199800003, -122.30371585499995)"	G2	RECOLOGY	RECOLOGY CLEANSCAPES	2	B	THU	4322B	"4,897.58"	"1,500,610.27"
191	"(47.71958366900003, -122.31768017299999)"	G2	RECOLOGY	RECOLOGY CLEANSCAPES	2	B	THU	4323B	"4,709.89"	"1,262,002.38"
192	"(47.71506175400003, -122.28058917499999)"	G2	RECOLOGY	RECOLOGY CLEANSCAPES	2	B	FRI	5321B	"6,943.79"	"1,172,915.87"
193	"(47.64022642600003, -122.35824660799994)"	G2	RECOLOGY	RECOLOGY CLEANSCAPES	3	A	TUE	2346A	"4,274.26"	"756,861.91"
194	"(47.639596562000065, -122.370302703)"	G2	RECOLOGY	RECOLOGY CLEANSCAPES	3	A	TUE	2341A	"4,082.14"	"710,033.47"
195	"(47.72655501600008, -122.30148784)"	G2	RECOLOGY	RECOLOGY CLEANSCAPES	2	A	FRI	5324A	"5,823.43"	"1,596,067.20"
196	"(47.62309531600005, -122.28650003199999)"	G2	RECOLOGY	RECOLOGY CLEANSCAPES	3	B	THU	4342B	"5,605.61"	"1,042,860.35"
197	"(47.642997130000026, -122.34706518599995)"	G2	RECOLOGY	RECOLOGY CLEANSCAPES	3	A	TUE	2345A	"4,714.98"	"920,846.99"
198	"(47.60901630500007, -122.30146396099997)"	G2	RECOLOGY	RECOLOGY CLEANSCAPES	3	A	FRI	5345A	"6,280.34"	"1,125,755.64"
199	"(47.648460888000045, -122.38201044999994)"	G2	RECOLOGY	RECOLOGY CLEANSCAPES	3	A	MON	1345A	"4,485.72"	"1,012,027.25"
200	"(47.60803125900003, -122.30893028999998)"	G2	RECOLOGY	RECOLOGY CLEANSCAPES	3	A	FRI	5341A	"4,621.70"	"1,319,895.18"
201	"(47.66359155500004, -122.39948510599999)"	G2	RECOLOGY	RECOLOGY CLEANSCAPES	3	B	TUE	2342B	"6,010.64"	"1,147,066.09"
202	"(47.673984748000066, -122.29025427299996)"	G2	RECOLOGY	RECOLOGY CLEANSCAPES	2	A	TUE	2321A	"6,021.85"	"1,320,819.80"
203	"(47.68895390400007, -122.322980772)"	G2	RECOLOGY	RECOLOGY CLEANSCAPES	2	A	THU	4322A	"6,553.20"	"1,860,133.25"
204	"(47.70837030700005, -122.29076245399995)"	G2	RECOLOGY	RECOLOGY CLEANSCAPES	2	A	WED	3321A	"6,554.56"	"2,145,974.33"
205	"(47.61893395100003, -122.30255086699998)"	G2	RECOLOGY	RECOLOGY CLEANSCAPES	3	B	THU	4341B	"5,635.49"	"1,087,824.66"
206	"(47.668511317000025, -122.28908094299999)"	G2	RECOLOGY	RECOLOGY CLEANSCAPES	2	A	TUE	2324A	"4,443.85"	"983,866.72"
207	"(47.68678229600005, -122.32632905999998)"	G2	RECOLOGY	RECOLOGY CLEANSCAPES	2	B	TUE	2323B	"6,472.90"	"1,631,242.08"
208	"(47.65045564900004, -122.40575072799999)"	G2	RECOLOGY	RECOLOGY CLEANSCAPES	3	B	MON	1346B	"5,609.63"	"920,009.60"
209	"(47.713978489000056, -122.31249466799994)"	G2	RECOLOGY	RECOLOGY CLEANSCAPES	2	B	THU	4321B	"5,345.24"	"1,557,615.43"
210	"(47.67397014200003, -122.29747920299997)"	G2	RECOLOGY	RECOLOGY CLEANSCAPES	2	A	TUE	2323A	"4,771.95"	"896,372.15"
211	"(47.67941564300003, -122.29037608499999)"	G2	RECOLOGY	RECOLOGY CLEANSCAPES	2	A	TUE	2322A	"5,270.68"	"1,166,866.13"
212	"(47.610022987000036, -122.30276098899998)"	G2	RECOLOGY	RECOLOGY CLEANSCAPES	3	A	FRI	5346A	"4,524.78"	"790,027.13"
213	"(47.69402792300008, -122.32032038499995)"	G2	RECOLOGY	RECOLOGY CLEANSCAPES	2	A	THU	4323A	"7,891.48"	"2,088,497.32"
214	"(47.73399167200006, -122.31636487099996)"	G2	RECOLOGY	RECOLOGY CLEANSCAPES	2	A	FRI	5322A	"8,472.92"	"3,157,706.51"
215	"(47.66943376900008, -122.31552882799997)"	G2	RECOLOGY	RECOLOGY CLEANSCAPES	2	A	MON	1321A	"5,475.62"	"1,195,762.94"
216	"(47.677635019000036, -122.30170694699996)"	G2	RECOLOGY	RECOLOGY CLEANSCAPES	2	B	TUE	2322B	"4,704.97"	"872,050.03"
217	"(47.64864618000007, -122.39290049899995)"	G2	RECOLOGY	RECOLOGY CLEANSCAPES	3	A	MON	1343A	"5,978.26"	"1,069,772.27"
218	"(47.686674347000064, -122.30086905299999)"	G2	RECOLOGY	RECOLOGY CLEANSCAPES	2	B	TUE	2321B	"5,732.49"	"1,159,686.65"
219	"(47.64847152300007, -122.37488601599995)"	G2	RECOLOGY	RECOLOGY CLEANSCAPES	3	A	TUE	2343A	"7,661.29"	"1,349,398.38"
220	"(47.64681259900004, -122.40467786399995)"	G2	RECOLOGY	RECOLOGY CLEANSCAPES	3	B	MON	1341B	"4,599.05"	"945,792.71"
221	"(47.63955913800004, -122.39698741199999)"	G2	RECOLOGY	RECOLOGY CLEANSCAPES	3	B	MON	1342B	"6,562.66"	"1,232,250.00"
222	"(47.72972151100004, -122.28232631699996)"	G2	RECOLOGY	RECOLOGY CLEANSCAPES	2	B	FRI	5320B	"1,379.18"	"90,802.74"
223	"(47.610022987000036, -122.30276098899998)"	G2	RECOLOGY	RECOLOGY CLEANSCAPES	3	A	FRI	5344A	"5,916.13"	"1,415,512.70"
224	"(47.690185272000065, -122.28533687599997)"	G2	RECOLOGY	RECOLOGY CLEANSCAPES	2	A	WED	3322A	"7,910.22"	"1,315,588.58"
225	"(47.71188529400007, -122.28528882199998)"	G2	RECOLOGY	RECOLOGY CLEANSCAPES	2	B	FRI	5322B	"6,370.91"	"1,235,950.01"
226	"(47.663027174000035, -122.28477360199997)"	G2	RECOLOGY	RECOLOGY CLEANSCAPES	2	B	MON	1323B	"9,073.31"	"1,595,287.23"
227	"(47.63496681700008, -122.34351477299998)"	G2	RECOLOGY	RECOLOGY CLEANSCAPES	3	A	WED	3343A	"8,738.92"	"2,963,427.53"
228	"(47.67214780100005, -122.28486339399996)"	G2	RECOLOGY	RECOLOGY CLEANSCAPES	2	A	TUE	2325A	"4,794.47"	"1,075,230.38"
229	"(47.59552683000004, -122.29757099399995)"	G2	RECOLOGY	RECOLOGY CLEANSCAPES	3	B	FRI	5342B	"4,347.54"	"837,775.71"
230	"(47.63532641900008, -122.30556360099996)"	G2	RECOLOGY	RECOLOGY CLEANSCAPES	3	B	WED	3345B	"5,815.12"	"1,114,062.95"
231	"(47.62869637000006, -122.29567209999999)"	G2	RECOLOGY	RECOLOGY CLEANSCAPES	3	A	THU	4345A	"4,642.33"	"930,038.22"
232	"(47.714045715000054, -122.32343391599994)"	G2	RECOLOGY	RECOLOGY CLEANSCAPES	2	B	THU	4325B	"7,289.09"	"1,971,287.49"
233	"(47.730135680000046, -122.30114916199994)"	G2	RECOLOGY	RECOLOGY CLEANSCAPES	2	A	FRI	5325A	"6,158.64"	"1,341,884.27"
234	"(47.717373519000034, -122.28335347399997)"	G2	RECOLOGY	RECOLOGY CLEANSCAPES	2	B	FRI	5325B	"5,630.97"	"1,026,045.97"
235	"(47.69020300900007, -122.29071387399995)"	G2	RECOLOGY	RECOLOGY CLEANSCAPES	2	A	WED	3324A	"5,948.77"	"1,431,506.19"
236	"(47.68372578100008, -122.26988960199998)"	G2	RECOLOGY	RECOLOGY CLEANSCAPES	2	B	WED	3321B	"5,832.70"	"1,812,335.98"
237	"(47.66943376900008, -122.31552882799997)"	G2	RECOLOGY	RECOLOGY CLEANSCAPES	2	A	MON	1324A	"4,743.18"	"1,231,569.75"
238	"(47.65665752500007, -122.38746147299997)"	G2	RECOLOGY	RECOLOGY CLEANSCAPES	3	A	MON	1342A	"5,703.10"	"1,300,527.01"
239	"(47.61761525800006, -122.29483735099996)"	G2	RECOLOGY	RECOLOGY CLEANSCAPES	3	B	THU	4346B	"3,530.11"	"542,124.08"
240	"(47.62916597700007, -122.29972427799999)"	G2	RECOLOGY	RECOLOGY CLEANSCAPES	3	A	THU	4346A	"4,272.55"	"344,414.48"
241	"(47.643241180000075, -122.35450999899996)"	G2	RECOLOGY	RECOLOGY CLEANSCAPES	3	B	TUE	2341B	"6,092.01"	"1,075,537.53"
242	"(47.69393090800003, -122.30552016399997)"	G2	RECOLOGY	RECOLOGY CLEANSCAPES	2	A	THU	4324A	"5,679.65"	"1,131,782.38"
243	"(47.72641678400004, -122.28643601299996)"	G2	RECOLOGY	RECOLOGY CLEANSCAPES	2	A	FRI	5323A	"7,519.92"	"2,021,749.65"
244	"(47.61289737800007, -122.29036042499996)"	G2	RECOLOGY	RECOLOGY CLEANSCAPES	3	B	THU	4343B	"5,011.80"	"991,139.02"
245	"(47.63630604200006, -122.403725512)"	G2	RECOLOGY	RECOLOGY CLEANSCAPES	3	B	MON	1345B	"6,277.47"	"1,077,513.22"
246	"(47.71018047700005, -122.29070599399995)"	G2	RECOLOGY	RECOLOGY CLEANSCAPES	2	A	WED	3325A	"6,003.01"	"1,689,031.76"
247	"(47.63400842200008, -122.34834447799994)"	G2	RECOLOGY	RECOLOGY CLEANSCAPES	3	A	WED	3342A	"3,633.70"	"703,384.95"
248	"(47.62865078200008, -122.30355183599994)"	G2	RECOLOGY	RECOLOGY CLEANSCAPES	3	B	WED	3341B	"4,724.20"	"1,049,147.09"
249	"(47.730748911000035, -122.28453544899997)"	G2	RECOLOGY	RECOLOGY CLEANSCAPES	2	B	FRI	5320B	383.286059	0
250	"(47.608003118000056, -122.29994429599998)"	G2	RECOLOGY	RECOLOGY CLEANSCAPES	3	B	FRI	5345B	"6,251.95"	"1,017,862.76"
251	"(47.68072348100003, -122.27967489299999)"	G2	RECOLOGY	RECOLOGY CLEANSCAPES	2	B	WED	3323B	"5,541.41"	"1,188,598.04"
252	"(47.72972151100004, -122.28232631699996)"	G2	RECOLOGY	RECOLOGY CLEANSCAPES	2	B	FRI	5324B	"9,498.38"	"1,803,361.33"
253	"(47.620150489000025, -122.29122622799997)"	G2	RECOLOGY	RECOLOGY CLEANSCAPES	3	B	THU	4345B	"4,382.23"	"747,112.85"
254	"(47.67577414200008, -122.30095518599995)"	G2	RECOLOGY	RECOLOGY CLEANSCAPES	2	A	MON	1323A	"5,979.66"	"1,235,656.47"
255	"(47.70401193400005, -122.31777241599997)"	G2	RECOLOGY	RECOLOGY CLEANSCAPES	2	A	THU	4321A	"4,515.01"	"959,111.13"
256	"(47.70468302200004, -122.28241324299995)"	G2	RECOLOGY	RECOLOGY CLEANSCAPES	2	B	FRI	5323B	"5,187.64"	"1,140,693.86"
257	"(47.69493921600008, -122.32032311899997)"	G2	RECOLOGY	RECOLOGY CLEANSCAPES	2	A	THU	4325A	"5,147.08"	"1,143,185.79"
258	"(47.62652224500005, -122.31626219099996)"	G2	RECOLOGY	RECOLOGY CLEANSCAPES	3	B	WED	3344B	"5,049.46"	"1,322,742.09"
259	"(47.612916151000036, -122.29141225799998)"	G2	RECOLOGY	RECOLOGY CLEANSCAPES	3	B	FRI	5341B	"3,855.30"	"907,274.47"
260	"(47.63597555400003, -122.32248465099997)"	G2	RECOLOGY	RECOLOGY CLEANSCAPES	3	B	WED	3346B	"7,093.94"	"1,943,016.19"
261	"(47.69005300400005, -122.27851392299999)"	G2	RECOLOGY	RECOLOGY CLEANSCAPES	2	B	WED	3325B	"6,606.90"	"1,451,295.50"
262	"(47.71223495000004, -122.28451714199997)"	G2	RECOLOGY	RECOLOGY CLEANSCAPES	2	B	FRI	5326B	"6,701.74"	"1,163,999.56"
263	"(47.65554219200004, -122.36598147799998)"	G2	RECOLOGY	RECOLOGY CLEANSCAPES	3	B	TUE	2346B	"7,804.81"	"1,718,927.50"
264	"(47.65409115700004, -122.40894957199998)"	G2	RECOLOGY	RECOLOGY CLEANSCAPES	3	B	MON	1343B	"10,993.72"	"2,314,495.96"
265	"(47.66126482900006, -122.28475466799995)"	G2	RECOLOGY	RECOLOGY CLEANSCAPES	2	B	MON	1325B	"6,145.63"	"1,696,113.53"
266	"(47.643313438000064, -122.31129795999999)"	G2	RECOLOGY	RECOLOGY CLEANSCAPES	3	B	WED	3342B	"6,446.86"	"1,551,742.25"
267	"(47.68842542300007, -122.26249359599996)"	G2	RECOLOGY	RECOLOGY CLEANSCAPES	2	S	WED	MAGNUS	"8,336.83"	"3,647,337.45"
268	"(47.664727835000065, -122.26854682999999)"	G2	RECOLOGY	RECOLOGY CLEANSCAPES	2	B	MON	1324B	"7,359.43"	"2,591,694.07"
269	"(47.692335101000026, -122.26757519799997)"	G2	RECOLOGY	RECOLOGY CLEANSCAPES	2	B	WED	3324B	"10,249.78"	"2,232,108.85"
270	"(47.60681699100007, -122.28606188899994)"	G2	RECOLOGY	RECOLOGY CLEANSCAPES	3	B	FRI	5344B	"5,777.45"	"1,264,315.38"
271	"(47.65046306100004, -122.36483772599996)"	G2	RECOLOGY	RECOLOGY CLEANSCAPES	3	B	TUE	2343B	"10,942.45"	"2,053,014.42"
272	"(47.636264408000045, -122.39304443099996)"	G2	RECOLOGY	RECOLOGY CLEANSCAPES	3	B	MON	1344B	"4,807.87"	"1,300,347.36"
273	"(47.63496681700008, -122.34351477299998)"	G2	RECOLOGY	RECOLOGY CLEANSCAPES	3	A	WED	3341A	"7,508.40"	"1,079,095.98"
274	"(47.712470746000065, -122.27703766799999)"	G2	RECOLOGY	RECOLOGY CLEANSCAPES	2	B	FRI	5320B	"13,888.03"	"808,042.29"
275	"(47.65841637200003, -122.28275207499996)"	G2	RECOLOGY	RECOLOGY CLEANSCAPES	2	B	MON	1322B	"6,408.65"	"1,510,135.28"
276	"(47.654854810000074, -122.28370286299997)"	G2	RECOLOGY	RECOLOGY CLEANSCAPES	2	A	MON	1322A	"5,705.85"	"1,324,949.03"
277	"(47.636936105000075, -122.276165231)"	G2	RECOLOGY	RECOLOGY CLEANSCAPES	3	A	THU	4341A	"5,185.45"	"1,583,941.44"
278	"(47.52735400600005, -122.31478155799999)"	G1	WASTEMGT	WASTE MANAGEMENT	4	B	WED	3831	"7,343.27"	"1,846,018.83"
279	"(47.68679382800008, -122.32635172599998)"	G1	WASTEMGT	WASTE MANAGEMENT	1	A	FRI	5803	"6,219.64"	"1,341,744.10"
280	"(47.61864936400008, -122.36237716299996)"	G2	RECOLOGY	RECOLOGY CLEANSCAPES	3	N	COM	COM	"12,001.88"	"6,878,426.86"
281	"(47.647845827000026, -122.28554417999999)"	G2	RECOLOGY	RECOLOGY CLEANSCAPES	3	A	THU	4344A	"13,007.43"	"4,402,261.39"
282	"(47.633229766000056, -122.27575491699997)"	G2	RECOLOGY	RECOLOGY CLEANSCAPES	3	A	THU	4343A	"10,086.01"	"2,158,869.12"
283	"(47.63232416400007, -122.36175037299995)"	G2	RECOLOGY	RECOLOGY CLEANSCAPES	3	A	TUE	2342A	"10,395.30"	"4,252,122.78"
284	"(47.60173103500006, -122.34174968999997)"	G1	WASTEMGT	WASTE MANAGEMENT	4	A	FRI	5897	"7,586.35"	"3,658,429.63"
285	"(47.63226403500005, -122.33432722699996)"	G2	RECOLOGY	RECOLOGY CLEANSCAPES	3	A	WED	3346A	"16,568.86"	"7,614,787.15"
286	"(47.523333998000055, -122.25848498099998)"	G1	WASTEMGT	WASTE MANAGEMENT	4	B	FRI	5835	"15,079.29"	"3,176,027.19"
287	"(47.52735400600005, -122.31478155799999)"	G1	WASTEMGT	WASTE MANAGEMENT	4	B	WED	3832	"4,284.61"	"798,077.70"
288	"(47.66216085500008, -122.29362148299998)"	G2	RECOLOGY	RECOLOGY CLEANSCAPES	2	A	MON	1326A	"19,111.42"	"7,672,565.20"
