OBJECTID	SHAPE_LATITUDE	SHAPE_LONGITUDE	SHAPE_LOCATION	ZONE	CONTRACTOR	CNTR_DESC	SUBZONE	FREQUENCY	PCKUP_DAY	ROUTE_ID	SHAPE_LENGTH	SHAPE_AREA
1	47.73412841600003	-122.34509698899996	(47.73412841600003, -122.34509698899996)	G1	WASTEMGT	WASTE MANAGEMENT	1	A	THU	4801	9493.78	3287752.90
2	47.73412841600003	-122.34509698899996	(47.73412841600003, -122.34509698899996)	G1	WASTEMGT	WASTE MANAGEMENT	1	B	THU	4808	4215.77	1088073.69
3	47.734136542000044	-122.33427600299996	(47.734136542000044, -122.33427600299996)	G1	WASTEMGT	WASTE MANAGEMENT	1	B	THU	4809	5745.50	1974034.32
4	47.72867768100008	-122.34503681599995	(47.72867768100008, -122.34503681599995)	G1	WASTEMGT	WASTE MANAGEMENT	1	A	THU	4802	8916.74	2660712.32
5	47.728671758000075	-122.33421605299998	(47.728671758000075, -122.33421605299998)	G1	WASTEMGT	WASTE MANAGEMENT	1	B	THU	4810	8425.25	2874830.32
6	47.72321151700004	-122.34497671799994	(47.72321151700004, -122.34497671799994)	G1	WASTEMGT	WASTE MANAGEMENT	1	A	THU	4803	8224.52	1800144.94
7	47.721391776000075	-122.34495675399995	(47.721391776000075, -122.34495675399995)	G1	WASTEMGT	WASTE MANAGEMENT	1	A	THU	4805	5388.04	1538467.56
8	47.71972464300006	-122.37534049399994	(47.71972464300006, -122.37534049399994)	G1	WASTEMGT	WASTE MANAGEMENT	1	A	WED	3803	13173.18	3682294.36
9	47.71961844400005	-122.35824773499996	(47.71961844400005, -122.35824773499996)	G1	WASTEMGT	WASTE MANAGEMENT	1	A	THU	4804	6160.72	1816451.91
10	47.71416979800006	-122.35820301799998	(47.71416979800006, -122.35820301799998)	G1	WASTEMGT	WASTE MANAGEMENT	1	A	THU	4806	6274.83	1952074.41
11	47.708771038000066	-122.36615028599999	(47.708771038000066, -122.36615028599999)	G1	WASTEMGT	WASTE MANAGEMENT	1	A	WED	3805	6931.39	1485736.88
12	47.708685169000034	-122.34475399399997	(47.708685169000034, -122.34475399399997)	G1	WASTEMGT	WASTE MANAGEMENT	1	A	THU	4807	5632.37	1274159.28
13	47.705051222000066	-122.34469394399997	(47.705051222000066, -122.34469394399997)	G1	WASTEMGT	WASTE MANAGEMENT	1	A	WED	3807	5739.63	1065336.16
14	47.70154678000006	-122.38755550599996	(47.70154678000006, -122.38755550599996)	G1	WASTEMGT	WASTE MANAGEMENT	1	A	WED	3802	5608.49	1292419.69
15	47.701546809000035	-122.39103410599995	(47.701546809000035, -122.39103410599995)	G1	WASTEMGT	WASTE MANAGEMENT	1	A	WED	3801	6813.62	2592612.12
16	47.70122592100006	-122.37677153299995	(47.70122592100006, -122.37677153299995)	G1	WASTEMGT	WASTE MANAGEMENT	1	A	WED	3804	6974.53	1536837.05
17	47.70154244500003	-122.37676925899996	(47.70154244500003, -122.37676925899996)	G1	WASTEMGT	WASTE MANAGEMENT	1	A	WED	3806	6652.46	1175059.67
18	47.70142998000006	-122.34465103099996	(47.70142998000006, -122.34465103099996)	G1	WASTEMGT	WASTE MANAGEMENT	1	B	WED	3808	5673.05	1207908.56
19	47.701423248000026	-122.34195726099995	(47.701423248000026, -122.34195726099995)	G1	WASTEMGT	WASTE MANAGEMENT	1	B	THU	4814	5398.51	899872.18
20	47.695959377000065	-122.33649932399999	(47.695959377000065, -122.33649932399999)	G1	WASTEMGT	WASTE MANAGEMENT	1	B	THU	4813	6345.86	1238051.46
21	47.700381994000054	-122.36471869199994	(47.700381994000054, -122.36471869199994)	G1	WASTEMGT	WASTE MANAGEMENT	1	B	WED	3809	5194.52	1294675.47
22	47.697851866000065	-122.36070579399995	(47.697851866000065, -122.36070579399995)	G1	WASTEMGT	WASTE MANAGEMENT	1	B	WED	3812	5512.51	1073745.10
23	47.69780873800005	-122.34460812499998	(47.69780873800005, -122.34460812499998)	G1	WASTEMGT	WASTE MANAGEMENT	1	B	WED	3810	4782.41	1073406.19
24	47.69418565700005	-122.344565166	(47.69418565700005, -122.344565166)	G1	WASTEMGT	WASTE MANAGEMENT	1	B	WED	3811	5041.58	1150596.74
25	47.690567799000064	-122.39882265499995	(47.690567799000064, -122.39882265499995)	G1	WASTEMGT	WASTE MANAGEMENT	1	B	TUE	2809	5630.56	1303266.53
26	47.690582273000075	-122.38541673199995	(47.690582273000075, -122.38541673199995)	G1	WASTEMGT	WASTE MANAGEMENT	1	B	TUE	2811	3998.28	848793.44
27	47.69065539700006	-122.36599298599998	(47.69065539700006, -122.36599298599998)	G1	WASTEMGT	WASTE MANAGEMENT	1	B	TUE	2814	4239.70	876246.93
28	47.690578982000034	-122.34991177499995	(47.690578982000034, -122.34991177499995)	G1	WASTEMGT	WASTE MANAGEMENT	1	B	MON	1813	3857.94	798454.43
29	47.69056258200004	-122.34452171299995	(47.69056258200004, -122.34452171299995)	G1	WASTEMGT	WASTE MANAGEMENT	1	B	MON	1814	3826.17	794372.75
30	47.69050090800005	-122.33644038699998	(47.69050090800005, -122.33644038699998)	G1	WASTEMGT	WASTE MANAGEMENT	1	A	FRI	5801	5006.22	1078169.89
31	47.69055092100007	-122.32956641999999	(47.69055092100007, -122.32956641999999)	G1	WASTEMGT	WASTE MANAGEMENT	1	A	FRI	5802	4570.56	1027856.81
32	47.68838776800004	-122.36064889399995	(47.68838776800004, -122.36064889399995)	G1	WASTEMGT	WASTE MANAGEMENT	1	B	WED	3813	4135.70	879300.95
33	47.68838957300005	-122.35530068899999	(47.68838957300005, -122.35530068899999)	G1	WASTEMGT	WASTE MANAGEMENT	1	B	WED	3814	4082.84	860248.91
34	47.686774092000064	-122.39192722999996	(47.686774092000064, -122.39192722999996)	G1	WASTEMGT	WASTE MANAGEMENT	1	B	TUE	2808	5949.62	1672997.22
35	47.68681091500008	-122.38647207799994	(47.68681091500008, -122.38647207799994)	G1	WASTEMGT	WASTE MANAGEMENT	1	B	TUE	2810	3991.74	878930.58
36	47.686936365000065	-122.36600154999996	(47.686936365000065, -122.36600154999996)	G1	WASTEMGT	WASTE MANAGEMENT	1	B	TUE	2813	3947.88	785377.95
37	47.68505830300006	-122.37678667999995	(47.68505830300006, -122.37678667999995)	G1	WASTEMGT	WASTE MANAGEMENT	1	B	TUE	2812	4214.03	906150.98
38	47.68310758500007	-122.39191216799998	(47.68310758500007, -122.39191216799998)	G1	WASTEMGT	WASTE MANAGEMENT	1	A	TUE	2806	4544.98	824717.19
39	47.68256023600003	-122.34989091099999	(47.68256023600003, -122.34989091099999)	G1	WASTEMGT	WASTE MANAGEMENT	1	B	MON	1812	4648.21	837961.68
40	47.68168313800004	-122.39300788799994	(47.68168313800004, -122.39300788799994)	G1	WASTEMGT	WASTE MANAGEMENT	1	A	TUE	2807	6245.88	1648374.47
41	47.681325093000055	-122.38214922499998	(47.681325093000055, -122.38214922499998)	G1	WASTEMGT	WASTE MANAGEMENT	1	A	TUE	2805	4244.63	918406.06
42	47.679540856000074	-122.37149265399995	(47.679540856000074, -122.37149265399995)	G1	WASTEMGT	WASTE MANAGEMENT	1	B	MON	1809	4110.15	869690.98
43	47.67956030700003	-122.36046912299997	(47.67956030700003, -122.36046912299997)	G1	WASTEMGT	WASTE MANAGEMENT	1	B	MON	1810	3861.36	762508.63
44	47.678682491000075	-122.34549882899995	(47.678682491000075, -122.34549882899995)	G1	WASTEMGT	WASTE MANAGEMENT	1	B	MON	1811	4265.47	997146.21
45	47.67662034700004	-122.39295998299997	(47.67662034700004, -122.39295998299997)	G1	WASTEMGT	WASTE MANAGEMENT	1	A	TUE	2803	5895.73	1394448.94
46	47.675948478000066	-122.38758467699995	(47.675948478000066, -122.38758467699995)	G1	WASTEMGT	WASTE MANAGEMENT	1	A	TUE	2802	6534.42	1675375.02
47	47.67599157300003	-122.36352747899997	(47.67599157300003, -122.36352747899997)	G1	WASTEMGT	WASTE MANAGEMENT	1	A	MON	1807	5059.42	966962.65
48	47.675963713000044	-122.33084602799994	(47.675963713000044, -122.33084602799994)	G1	WASTEMGT	WASTE MANAGEMENT	1	A	FRI	5806	4082.51	847324.26
49	47.675858230000074	-122.32078248699997	(47.675858230000074, -122.32078248699997)	G1	WASTEMGT	WASTE MANAGEMENT	1	A	FRI	5804	3821.53	823314.88
50	47.671151433000034	-122.35438993199995	(47.671151433000034, -122.35438993199995)	G1	WASTEMGT	WASTE MANAGEMENT	1	A	MON	1805	4387.68	960753.02
51	47.67076511400006	-122.32187386899994	(47.67076511400006, -122.32187386899994)	G1	WASTEMGT	WASTE MANAGEMENT	1	A	FRI	5805	4062.62	896211.31
52	47.67088988800003	-122.36617381899998	(47.67088988800003, -122.36617381899998)	G1	WASTEMGT	WASTE MANAGEMENT	1	A	MON	1806	4816.42	1273831.72
53	47.66938159000006	-122.33050923099995	(47.66938159000006, -122.33050923099995)	G1	WASTEMGT	WASTE MANAGEMENT	1	A	FRI	5807	3815.93	770661.22
54	47.668650641000056	-122.36220415699995	(47.668650641000056, -122.36220415699995)	G1	WASTEMGT	WASTE MANAGEMENT	1	A	MON	1803	7046.51	2050736.70
55	47.66500909800004	-122.34731122699998	(47.66500909800004, -122.34731122699998)	G1	WASTEMGT	WASTE MANAGEMENT	1	A	MON	1804	4210.99	1008176.50
56	47.66503444500006	-122.34020752699996	(47.66503444500006, -122.34020752699996)	G1	WASTEMGT	WASTE MANAGEMENT	1	B	FRI	5809	4398.59	1163229.48
57	47.66500265900004	-122.32826780899995	(47.66500265900004, -122.32826780899995)	G1	WASTEMGT	WASTE MANAGEMENT	1	B	FRI	5808	4360.47	953873.57
58	47.661329015000035	-122.32228554299996	(47.661329015000035, -122.32228554299996)	G1	WASTEMGT	WASTE MANAGEMENT	1	B	FRI	5810	4281.13	896155.89
59	47.65918324300003	-122.34225647399995	(47.65918324300003, -122.34225647399995)	G1	WASTEMGT	WASTE MANAGEMENT	1	B	FRI	5812	7595.17	2019593.01
60	47.659152204000065	-122.33620820399994	(47.659152204000065, -122.33620820399994)	G1	WASTEMGT	WASTE MANAGEMENT	1	B	FRI	5811	5654.07	978607.50
61	47.655512531000056	-122.32237869399995	(47.655512531000056, -122.32237869399995)	G1	WASTEMGT	WASTE MANAGEMENT	1	B	FRI	5813	5338.21	915642.71
62	47.59417261500005	-122.38353247599997	(47.59417261500005, -122.38353247599997)	G1	WASTEMGT	WASTE MANAGEMENT	4	B	MON	1837	11130.25	3577019.53
63	47.59417261500005	-122.38353247599997	(47.59417261500005, -122.38353247599997)	G1	WASTEMGT	WASTE MANAGEMENT	4	B	MON	1831	13029.80	2284412.92
64	47.581195336000064	-122.38654570399996	(47.581195336000064, -122.38654570399996)	G1	WASTEMGT	WASTE MANAGEMENT	4	B	MON	1836	5670.65	1248488.10
65	47.58270369600007	-122.40207367599999	(47.58270369600007, -122.40207367599999)	G1	WASTEMGT	WASTE MANAGEMENT	4	B	MON	1834	8631.93	2959588.36
66	47.58589853800004	-122.28915288499996	(47.58589853800004, -122.28915288499996)	G1	WASTEMGT	WASTE MANAGEMENT	4	B	THU	4830	5364.85	1406453.86
67	47.58652986200008	-122.37864492999995	(47.58652986200008, -122.37864492999995)	G1	WASTEMGT	WASTE MANAGEMENT	4	B	MON	1830	8113.15	1820411.89
68	47.584536273000026	-122.31811904499995	(47.584536273000026, -122.31811904499995)	G1	WASTEMGT	WASTE MANAGEMENT	4	B	WED	3833	8513.27	1559875.13
69	47.58690987500006	-122.30468324299994	(47.58690987500006, -122.30468324299994)	G1	WASTEMGT	WASTE MANAGEMENT	4	A	THU	4821	5725.94	1320957.08
70	47.585705191000045	-122.28405252999994	(47.585705191000045, -122.28405252999994)	G1	WASTEMGT	WASTE MANAGEMENT	4	B	THU	4831	7509.96	1976062.61
71	47.581195336000064	-122.38654570399996	(47.581195336000064, -122.38654570399996)	G1	WASTEMGT	WASTE MANAGEMENT	4	B	MON	1835	5116.17	1243547.56
72	47.58099444800007	-122.30016671299995	(47.58099444800007, -122.30016671299995)	G1	WASTEMGT	WASTE MANAGEMENT	4	A	THU	4822	4961.67	1241640.62
73	47.57947122100006	-122.31237671899999	(47.57947122100006, -122.31237671899999)	G1	WASTEMGT	WASTE MANAGEMENT	4	A	THU	4823	5691.57	971552.58
74	47.57580316600007	-122.40274458999994	(47.57580316600007, -122.40274458999994)	G1	WASTEMGT	WASTE MANAGEMENT	4	B	MON	1833	4919.62	1052749.96
75	47.57562625200006	-122.38676048099995	(47.57562625200006, -122.38676048099995)	G1	WASTEMGT	WASTE MANAGEMENT	4	B	MON	1832	6970.67	1681010.24
76	47.577373641000065	-122.28060344799997	(47.577373641000065, -122.28060344799997)	G1	WASTEMGT	WASTE MANAGEMENT	4	B	THU	4832	5987.68	1552626.82
77	47.57505799000006	-122.37598614199999	(47.57505799000006, -122.37598614199999)	G1	WASTEMGT	WASTE MANAGEMENT	4	B	MON	1829	4781.96	934623.76
78	47.57177514300008	-122.37180106699998	(47.57177514300008, -122.37180106699998)	G1	WASTEMGT	WASTE MANAGEMENT	4	A	MON	1828	5072.75	955656.50
79	47.57587274300005	-122.29624333699996	(47.57587274300005, -122.29624333699996)	G1	WASTEMGT	WASTE MANAGEMENT	4	A	THU	4824	9965.04	4249594.87
80	47.572231368000075	-122.41370125899999	(47.572231368000075, -122.41370125899999)	G1	WASTEMGT	WASTE MANAGEMENT	4	A	MON	1824	17850.45	4769750.67
81	47.57201585300004	-122.38676521199994	(47.57201585300004, -122.38676521199994)	G1	WASTEMGT	WASTE MANAGEMENT	4	A	MON	1826	4787.12	1162404.97
82	47.57290385400006	-122.27834490499998	(47.57290385400006, -122.27834490499998)	G1	WASTEMGT	WASTE MANAGEMENT	4	B	THU	4834	7464.00	2378649.25
83	47.571592096000074	-122.36068905099995	(47.571592096000074, -122.36068905099995)	G1	WASTEMGT	WASTE MANAGEMENT	4	A	TUE	2820	8710.61	2001841.75
84	47.55741571900006	-122.35378510099997	(47.55741571900006, -122.35378510099997)	G1	WASTEMGT	WASTE MANAGEMENT	4	A	WED	3820	8131.51	2559502.52
85	47.56794836300003	-122.28924361599996	(47.56794836300003, -122.28924361599996)	G1	WASTEMGT	WASTE MANAGEMENT	4	A	THU	4825	7147.92	1711087.66
86	47.56850716300005	-122.39746067399994	(47.56850716300005, -122.39746067399994)	G1	WASTEMGT	WASTE MANAGEMENT	4	A	MON	1825	6148.57	1309049.98
87	47.57009718900008	-122.27826702399994	(47.57009718900008, -122.27826702399994)	G1	WASTEMGT	WASTE MANAGEMENT	4	B	THU	4833	5856.51	1577602.71
88	47.56836864700006	-122.38148656099997	(47.56836864700006, -122.38148656099997)	G1	WASTEMGT	WASTE MANAGEMENT	4	A	MON	1827	4396.08	1209506.33
89	47.56532390800004	-122.31269100199995	(47.56532390800004, -122.31269100199995)	G1	WASTEMGT	WASTE MANAGEMENT	4	B	WED	3834	5666.79	1346985.33
90	47.56472028700006	-122.386771437	(47.56472028700006, -122.386771437)	G1	WASTEMGT	WASTE MANAGEMENT	4	A	MON	1823	5253.44	1099165.82
91	47.56359679900004	-122.37619205599998	(47.56359679900004, -122.37619205599998)	G1	WASTEMGT	WASTE MANAGEMENT	4	A	TUE	2823	5994.94	1367719.03
92	47.55513857300008	-122.36630370799998	(47.55513857300008, -122.36630370799998)	G1	WASTEMGT	WASTE MANAGEMENT	4	A	TUE		5804.17	1863548.21
93	47.56062657800004	-122.26171666799996	(47.56062657800004, -122.26171666799996)	G1	WASTEMGT	WASTE MANAGEMENT	4	B	THU	4837	10218.29	5139001.64
94	47.56114223800006	-122.38145861699996	(47.56114223800006, -122.38145861699996)	G1	WASTEMGT	WASTE MANAGEMENT	4	A	TUE	2821	5875.16	1342231.14
95	47.56110533100008	-122.30508701899998	(47.56110533100008, -122.30508701899998)	G1	WASTEMGT	WASTE MANAGEMENT	4	B	WED	3835	6085.10	1275029.18
96	47.56081720100008	-122.29337876899996	(47.56081720100008, -122.29337876899996)	G1	WASTEMGT	WASTE MANAGEMENT	4	A	THU	4826	5261.15	1326928.18
97	47.55932476300006	-122.38682976799998	(47.55932476300006, -122.38682976799998)	G1	WASTEMGT	WASTE MANAGEMENT	4	A	MON	1822	5152.79	1057312.78
98	47.56057152000005	-122.274470383	(47.56057152000005, -122.274470383)	G1	WASTEMGT	WASTE MANAGEMENT	4	B	THU	4835	4993.40	1136177.37
99	47.56059431500006	-122.26944638999998	(47.56059431500006, -122.26944638999998)	G1	WASTEMGT	WASTE MANAGEMENT	4	B	THU	4836	5021.82	1057775.98
100	47.55741571900006	-122.35378510099997	(47.55741571900006, -122.35378510099997)	G1	WASTEMGT	WASTE MANAGEMENT	4	A	WED	3821	8283.93	2061662.41
101	47.55378139600003	-122.30287059299997	(47.55378139600003, -122.30287059299997)	G1	WASTEMGT	WASTE MANAGEMENT	4	B	WED	3836	5048.32	1134290.50
102	47.552110319000064	-122.387038384	(47.552110319000064, -122.387038384)	G1	WASTEMGT	WASTE MANAGEMENT	4	A	MON	1821	8310.51	1190141.47
103	47.53800507400007	-122.31921728199995	(47.53800507400007, -122.31921728199995)	G1	WASTEMGT	WASTE MANAGEMENT	4	B	WED	3832	16999.05	9484847.01
104	47.555290580000076	-122.29004472499997	(47.555290580000076, -122.29004472499997)	G1	WASTEMGT	WASTE MANAGEMENT	4	A	THU	4827	6218.52	1588982.19
105	47.55512807100007	-122.36294548499995	(47.55512807100007, -122.36294548499995)	G1	WASTEMGT	WASTE MANAGEMENT	4	A	TUE	2822	8492.50	1729483.86
106	47.55569696400005	-122.28325121099999	(47.55569696400005, -122.28325121099999)	G1	WASTEMGT	WASTE MANAGEMENT	4	A	THU	4828	3552.48	487020.55
107	47.55374724400008	-122.36821508099996	(47.55374724400008, -122.36821508099996)	G1	WASTEMGT	WASTE MANAGEMENT	4	A	TUE	2824	7352.49	1570227.21
108	47.55373678800004	-122.36821527799998	(47.55373678800004, -122.36821527799998)	G1	WASTEMGT	WASTE MANAGEMENT	4	A	TUE	2897	7188.62	1557389.63
109	47.553411691000065	-122.30852004299999	(47.553411691000065, -122.30852004299999)	G1	WASTEMGT	WASTE MANAGEMENT	4	B	WED	3837	3909.33	848226.43
110	47.55191786100005	-122.354810354	(47.55191786100005, -122.354810354)	G1	WASTEMGT	WASTE MANAGEMENT	4	A	WED	3822	7895.88	1408201.34
111	47.55117601400008	-122.27766423599996	(47.55117601400008, -122.27766423599996)	G1	WASTEMGT	WASTE MANAGEMENT	4	A	FRI	5823	5560.77	1487155.18
112	47.55116467600004	-122.27538215999999	(47.55116467600004, -122.27538215999999)	G1	WASTEMGT	WASTE MANAGEMENT	4	A	FRI	5821	4480.09	1207641.08
113	47.55122050300008	-122.24302352799998	(47.55122050300008, -122.24302352799998)	G1	WASTEMGT	WASTE MANAGEMENT	4	A	FRI	5820	9517.05	3625533.69
114	47.54668272500004	-122.38719545099997	(47.54668272500004, -122.38719545099997)	G1	WASTEMGT	WASTE MANAGEMENT	4	A	MON	1820	6384.37	1324424.70
115	47.54975610000008	-122.28733133599997	(47.54975610000008, -122.28733133599997)	G1	WASTEMGT	WASTE MANAGEMENT	4	A	THU	4828	3571.86	702871.29
116	47.546379278000074	-122.30060094999999	(47.546379278000074, -122.30060094999999)	G1	WASTEMGT	WASTE MANAGEMENT	4	B	WED	3837	4253.26	588516.91
117	47.54628099100006	-122.29688653799997	(47.54628099100006, -122.29688653799997)	G1	WASTEMGT	WASTE MANAGEMENT	4	A	FRI	5824	7843.55	2741585.50
118	47.54487201900008	-122.38721484699994	(47.54487201900008, -122.38721484699994)	G1	WASTEMGT	WASTE MANAGEMENT	4	A	TUE	2830	10931.05	4111003.11
119	47.54473087500003	-122.37913894099995	(47.54473087500003, -122.37913894099995)	G1	WASTEMGT	WASTE MANAGEMENT	4	A	TUE	2825	4651.42	1164013.41
120	47.54467198400005	-122.37442428299994	(47.54467198400005, -122.37442428299994)	G1	WASTEMGT	WASTE MANAGEMENT	4	A	TUE	2826	6472.60	1193567.56
121	47.54605522000003	-122.263726771	(47.54605522000003, -122.263726771)	G1	WASTEMGT	WASTE MANAGEMENT	4	A	FRI	5822	6070.79	1317325.62
122	47.54247599800004	-122.27280766599995	(47.54247599800004, -122.27280766599995)	G1	WASTEMGT	WASTE MANAGEMENT	4	A	FRI	5825	5568.85	1363111.79
123	47.53915316800004	-122.33032661199996	(47.53915316800004, -122.33032661199996)	G1	WASTEMGT	WASTE MANAGEMENT	4	B	WED	3830	6810.12	1961614.44
124	47.53681807600003	-122.37837224199995	(47.53681807600003, -122.37837224199995)	G1	WASTEMGT	WASTE MANAGEMENT	4	A	TUE	2827	4298.76	974720.41
125	47.53896392000007	-122.29647349499999	(47.53896392000007, -122.29647349499999)	G1	WASTEMGT	WASTE MANAGEMENT	4	A	FRI	5826	6074.57	1456072.36
126	47.53795416400004	-122.36109192799995	(47.53795416400004, -122.36109192799995)	G1	WASTEMGT	WASTE MANAGEMENT	4	A	WED	3823	6939.16	1196017.29
127	47.53549934400007	-122.34712978399995	(47.53549934400007, -122.34712978399995)	G1	WASTEMGT	WASTE MANAGEMENT	4	A	WED	3825	7699.22	1346131.15
128	47.537047776000065	-122.28118857999999	(47.537047776000065, -122.28118857999999)	G1	WASTEMGT	WASTE MANAGEMENT	4	A	FRI	5827	9506.87	2694087.20
129	47.535929837000026	-122.27003549099999	(47.535929837000026, -122.27003549099999)	G1	WASTEMGT	WASTE MANAGEMENT	4	A	FRI	5828	7498.85	1485123.67
130	47.535523470000044	-122.36475893699998	(47.535523470000044, -122.36475893699998)	G1	WASTEMGT	WASTE MANAGEMENT	4	A	TUE	2828	5925.95	2144513.26
131	47.534077841000055	-122.34707026999996	(47.534077841000055, -122.34707026999996)	G1	WASTEMGT	WASTE MANAGEMENT	4	A	WED	3824	4282.53	1139264.05
132	47.531915371000025	-122.37663318999995	(47.531915371000025, -122.37663318999995)	G1	WASTEMGT	WASTE MANAGEMENT	4	B	TUE	2829	4432.86	885048.57
133	47.53094624500005	-122.26998969899995	(47.53094624500005, -122.26998969899995)	G1	WASTEMGT	WASTE MANAGEMENT	4	B	FRI	5829	4384.83	1123912.37
134	47.53130304600006	-122.25980564899999	(47.53130304600006, -122.25980564899999)	G1	WASTEMGT	WASTE MANAGEMENT	4	B	FRI	5831	5491.09	1715275.69
135	47.52784124100003	-122.38740187699995	(47.52784124100003, -122.38740187699995)	G1	WASTEMGT	WASTE MANAGEMENT	4	B	TUE	2831	6598.59	1752718.92
136	47.52828520700007	-122.37663651899999	(47.52828520700007, -122.37663651899999)	G1	WASTEMGT	WASTE MANAGEMENT	4	B	TUE	2832	5970.61	1333394.60
137	47.52828358200003	-122.36046026999998	(47.52828358200003, -122.36046026999998)	G1	WASTEMGT	WASTE MANAGEMENT	4	A	WED	3827	5810.98	1903000.54
138	47.52828654800004	-122.35506324799996	(47.52828654800004, -122.35506324799996)	G1	WASTEMGT	WASTE MANAGEMENT	4	A	WED	3826	4461.17	934698.42
139	47.52286063500003	-122.36049366299994	(47.52286063500003, -122.36049366299994)	G1	WASTEMGT	WASTE MANAGEMENT	4	A	WED	3828	5833.98	1335532.06
140	47.52282779800004	-122.34927407199996	(47.52282779800004, -122.34927407199996)	G1	WASTEMGT	WASTE MANAGEMENT	4	B	WED	3829	5394.24	1109445.53
141	47.52280049500007	-122.34545294799995	(47.52280049500007, -122.34545294799995)	G1	WASTEMGT	WASTE MANAGEMENT	4	B	WED	3830	5628.57	794103.24
142	47.52330724800004	-122.26998609299994	(47.52330724800004, -122.26998609299994)	G1	WASTEMGT	WASTE MANAGEMENT	4	B	FRI	5830	8870.29	2458235.62
143	47.523293283000044	-122.26455533399997	(47.523293283000044, -122.26455533399997)	G1	WASTEMGT	WASTE MANAGEMENT	4	B	FRI	5834	5960.32	1616540.41
144	47.52116251900003	-122.38747598499998	(47.52116251900003, -122.38747598499998)	G1	WASTEMGT	WASTE MANAGEMENT	4	B	TUE	2833	8299.63	3092840.98
145	47.51927895600005	-122.37682321599999	(47.51927895600005, -122.37682321599999)	G1	WASTEMGT	WASTE MANAGEMENT	4	B	TUE	2835	4832.47	1269219.99
146	47.51715138700007	-122.27002083599996	(47.51715138700007, -122.27002083599996)	G1	WASTEMGT	WASTE MANAGEMENT	4	B	FRI	5831	5630.87	1257311.11
147	47.517424205000054	-122.37127817699997	(47.517424205000054, -122.37127817699997)	G1	WASTEMGT	WASTE MANAGEMENT	4	B	TUE	2834	11126.95	2175843.40
148	47.51331847000006	-122.26424708499997	(47.51331847000006, -122.26424708499997)	G1	WASTEMGT	WASTE MANAGEMENT	4	B	FRI	5833	6499.14	1940977.75
149	47.511914671000056	-122.37612102699995	(47.511914671000056, -122.37612102699995)	G1	WASTEMGT	WASTE MANAGEMENT	4	B	TUE	2836	4588.56	1208071.71
150	47.508415107000076	-122.24922375099999	(47.508415107000076, -122.24922375099999)	G1	WASTEMGT	WASTE MANAGEMENT	4	B	FRI	5836	4811.51	1070569.44
151	47.51008456200003	-122.38816358599996	(47.51008456200003, -122.38816358599996)	G1	WASTEMGT	WASTE MANAGEMENT	4	B	TUE	2837	7837.92	2516588.21
152	47.506374762000064	-122.24878289499998	(47.506374762000064, -122.24878289499998)	G1	WASTEMGT	WASTE MANAGEMENT	4	B	FRI	5837	6382.46	1217906.63
153	47.50248595200003	-122.25950640199994	(47.50248595200003, -122.25950640199994)	G1	WASTEMGT	WASTE MANAGEMENT	4	B	FRI	5832	5540.33	1600753.69
154	47.67598536300005	-122.36602316999995	(47.67598536300005, -122.36602316999995)	G1	WASTEMGT	WASTE MANAGEMENT	1	B	MON	1808	3954.95	941854.88
155	47.58638049900003	-122.37598476299996	(47.58638049900003, -122.37598476299996)	G1	WASTEMGT	WASTE MANAGEMENT	4	A	WED	3898	37713.92	15652852.22
156	47.719571743000074	-122.34224785599997	(47.719571743000074, -122.34224785599997)	G1	WASTEMGT	WASTE MANAGEMENT	1	B	THU	4811	10517.97	3973858.48
157	47.70867429000003	-122.33937338999999	(47.70867429000003, -122.33937338999999)	G1	WASTEMGT	WASTE MANAGEMENT	1	B	THU	4812	7480.79	2555332.94
158	47.590560165000056	-122.30746511799998	(47.590560165000056, -122.30746511799998)	G1	WASTEMGT	WASTE MANAGEMENT	4	A	THU	4820	5956.23	1939555.55
159	47.67176707600004	-122.40782756699997	(47.67176707600004, -122.40782756699997)	G2	RECOLOGY	RECOLOGY CLEANSCAPES	3	B	TUE	2345B	23604.93	11108434.05
160	47.63151604600006	-122.39427533399999	(47.63151604600006, -122.39427533399999)	G2	RECOLOGY	RECOLOGY CLEANSCAPES	3	A	MON	1341A	12486.69	4911539.55
161	47.653720908000025	-122.32237100299994	(47.653720908000025, -122.32237100299994)	G1	WASTEMGT	WASTE MANAGEMENT	1	B	FRI	5814	7349.65	1774186.07
162	47.67596225400007	-122.37638102299996	(47.67596225400007, -122.37638102299996)	G1	WASTEMGT	WASTE MANAGEMENT	1	A	TUE	2801	6989.68	2336492.86
163	47.676577344000066	-122.398370237	(47.676577344000066, -122.398370237)	G1	WASTEMGT	WASTE MANAGEMENT	1	A	TUE	2804	6176.26	1926050.62
164	47.61726407200007	-122.30613516299996	(47.61726407200007, -122.30613516299996)	G2	RECOLOGY	RECOLOGY CLEANSCAPES	3	B	THU	4344B	11190.60	4478161.09
165	47.64221209100003	-122.32250855299998	(47.64221209100003, -122.32250855299998)	G2	RECOLOGY	RECOLOGY CLEANSCAPES	3	A	WED	3345A	9746.00	3069730.22
166	47.64727314100003	-122.29910605399999	(47.64727314100003, -122.29910605399999)	G2	RECOLOGY	RECOLOGY CLEANSCAPES	3	A	WED	3320A	4009.19	768582.22
167	47.66214266600008	-122.35543125699996	(47.66214266600008, -122.35543125699996)	G1	WASTEMGT	WASTE MANAGEMENT	1	A	MON	1802	6236.80	1400821.66
168	47.65533799600007	-122.31208585599995	(47.65533799600007, -122.31208585599995)	G2	RECOLOGY	RECOLOGY CLEANSCAPES	2	A	MON	1325A	11140.43	3185733.01
169	47.65774158800008	-122.34733142699997	(47.65774158800008, -122.34733142699997)	G1	WASTEMGT	WASTE MANAGEMENT	1	A	MON	1801	5991.44	1665520.31
170	47.65038057900006	-122.35767960099997	(47.65038057900006, -122.35767960099997)	G2	RECOLOGY	RECOLOGY CLEANSCAPES	3	B	TUE	2344B	4663.73	1124345.18
171	47.66502102100003	-122.35443683099999	(47.66502102100003, -122.35443683099999)	G1	WASTEMGT	WASTE MANAGEMENT	1	N	COM	COM	11391.78	4955207.43
172	47.52447083900006	-122.29133895899997	(47.52447083900006, -122.29133895899997)	G1	WASTEMGT	WASTE MANAGEMENT	4	N	COM	COM	59630.76	28982792.67
173	47.64768868500005	-122.31540809799998	(47.64768868500005, -122.31540809799998)	G2	RECOLOGY	RECOLOGY CLEANSCAPES	3	A	WED	3344A	6559.62	2397362.24
174	47.59787522900007	-122.30222892199998	(47.59787522900007, -122.30222892199998)	G2	RECOLOGY	RECOLOGY CLEANSCAPES	3	A	FRI	5343A	8624.38	2931581.21
175	47.59805947600006	-122.29744918299997	(47.59805947600006, -122.29744918299997)	G2	RECOLOGY	RECOLOGY CLEANSCAPES	3	A	FRI	5342A	4493.83	930754.75
176	47.62862006800003	-122.29665548899999	(47.62862006800003, -122.29665548899999)	G2	RECOLOGY	RECOLOGY CLEANSCAPES	3	A	THU	4342A	8395.02	1627824.26
177	47.60025091500006	-122.29257237499996	(47.60025091500006, -122.29257237499996)	G2	RECOLOGY	RECOLOGY CLEANSCAPES	3	B	FRI	5343B	8563.41	1883354.27
178	47.59051358200003	-122.30214949399999	(47.59051358200003, -122.30214949399999)	G1	WASTEMGT	WASTE MANAGEMENT	4	B	THU	4829	8293.18	2100217.22
179	47.68850061300003	-122.31004089999999	(47.68850061300003, -122.31004089999999)	G2	RECOLOGY	RECOLOGY CLEANSCAPES	2	B	TUE	2325B	5433.92	883450.03
180	47.69092618900004	-122.29069483699999	(47.69092618900004, -122.29069483699999)	G2	RECOLOGY	RECOLOGY CLEANSCAPES	2	A	WED	3323A	5374.81	1301338.10
181	47.704677899000046	-122.30228511399997	(47.704677899000046, -122.30228511399997)	G2	RECOLOGY	RECOLOGY CLEANSCAPES	2	B	THU	4324B	6695.78	1533640.99
182	47.67572243300003	-122.26354490599999	(47.67572243300003, -122.26354490599999)	G2	RECOLOGY	RECOLOGY CLEANSCAPES	2	B	MON	1321B	5376.27	1399356.05
183	47.63654872800004	-122.31045625799999	(47.63654872800004, -122.31045625799999)	G2	RECOLOGY	RECOLOGY CLEANSCAPES	3	B	WED	3343B	5133.16	1162518.85
184	47.63717010800008	-122.35828164099996	(47.63717010800008, -122.35828164099996)	G2	RECOLOGY	RECOLOGY CLEANSCAPES	3	A	TUE	2344A	4566.97	957618.48
185	47.73197664400004	-122.29654252699999	(47.73197664400004, -122.29654252699999)	G2	RECOLOGY	RECOLOGY CLEANSCAPES	2	A	FRI	5321A	6184.78	1655621.12
186	47.69551282600003	-122.27821381199999	(47.69551282600003, -122.27821381199999)	G2	RECOLOGY	RECOLOGY CLEANSCAPES	2	B	WED	3322B	8031.73	1636403.03
187	47.679412856000056	-122.29742852699997	(47.679412856000056, -122.29742852699997)	G2	RECOLOGY	RECOLOGY CLEANSCAPES	2	B	TUE	2324B	4485.43	956062.33
188	47.692149907000044	-122.31081124999997	(47.692149907000044, -122.31081124999997)	G2	RECOLOGY	RECOLOGY CLEANSCAPES	2	A	THU	4326A	3935.21	532658.26
189	47.64867041200006	-122.39010585699998	(47.64867041200006, -122.39010585699998)	G2	RECOLOGY	RECOLOGY CLEANSCAPES	3	A	MON	1344A	5130.58	1088933.75
190	47.70868199800003	-122.30371585499995	(47.70868199800003, -122.30371585499995)	G2	RECOLOGY	RECOLOGY CLEANSCAPES	2	B	THU	4322B	4897.58	1500610.27
191	47.71958366900003	-122.31768017299999	(47.71958366900003, -122.31768017299999)	G2	RECOLOGY	RECOLOGY CLEANSCAPES	2	B	THU	4323B	4709.89	1262002.38
192	47.71506175400003	-122.28058917499999	(47.71506175400003, -122.28058917499999)	G2	RECOLOGY	RECOLOGY CLEANSCAPES	2	B	FRI	5321B	6943.79	1172915.87
193	47.64022642600003	-122.35824660799994	(47.64022642600003, -122.35824660799994)	G2	RECOLOGY	RECOLOGY CLEANSCAPES	3	A	TUE	2346A	4274.26	756861.91
194	47.639596562000065	-122.370302703	(47.639596562000065, -122.370302703)	G2	RECOLOGY	RECOLOGY CLEANSCAPES	3	A	TUE	2341A	4082.14	710033.47
195	47.72655501600008	-122.30148784	(47.72655501600008, -122.30148784)	G2	RECOLOGY	RECOLOGY CLEANSCAPES	2	A	FRI	5324A	5823.43	1596067.20
196	47.62309531600005	-122.28650003199999	(47.62309531600005, -122.28650003199999)	G2	RECOLOGY	RECOLOGY CLEANSCAPES	3	B	THU	4342B	5605.61	1042860.35
197	47.642997130000026	-122.34706518599995	(47.642997130000026, -122.34706518599995)	G2	RECOLOGY	RECOLOGY CLEANSCAPES	3	A	TUE	2345A	4714.98	920846.99
198	47.60901630500007	-122.30146396099997	(47.60901630500007, -122.30146396099997)	G2	RECOLOGY	RECOLOGY CLEANSCAPES	3	A	FRI	5345A	6280.34	1125755.64
199	47.648460888000045	-122.38201044999994	(47.648460888000045, -122.38201044999994)	G2	RECOLOGY	RECOLOGY CLEANSCAPES	3	A	MON	1345A	4485.72	1012027.25
200	47.60803125900003	-122.30893028999998	(47.60803125900003, -122.30893028999998)	G2	RECOLOGY	RECOLOGY CLEANSCAPES	3	A	FRI	5341A	4621.70	1319895.18
201	47.66359155500004	-122.39948510599999	(47.66359155500004, -122.39948510599999)	G2	RECOLOGY	RECOLOGY CLEANSCAPES	3	B	TUE	2342B	6010.64	1147066.09
202	47.673984748000066	-122.29025427299996	(47.673984748000066, -122.29025427299996)	G2	RECOLOGY	RECOLOGY CLEANSCAPES	2	A	TUE	2321A	6021.85	1320819.80
203	47.68895390400007	-122.322980772	(47.68895390400007, -122.322980772)	G2	RECOLOGY	RECOLOGY CLEANSCAPES	2	A	THU	4322A	6553.20	1860133.25
204	47.70837030700005	-122.29076245399995	(47.70837030700005, -122.29076245399995)	G2	RECOLOGY	RECOLOGY CLEANSCAPES	2	A	WED	3321A	6554.56	2145974.33
205	47.61893395100003	-122.30255086699998	(47.61893395100003, -122.30255086699998)	G2	RECOLOGY	RECOLOGY CLEANSCAPES	3	B	THU	4341B	5635.49	1087824.66
206	47.668511317000025	-122.28908094299999	(47.668511317000025, -122.28908094299999)	G2	RECOLOGY	RECOLOGY CLEANSCAPES	2	A	TUE	2324A	4443.85	983866.72
207	47.68678229600005	-122.32632905999998	(47.68678229600005, -122.32632905999998)	G2	RECOLOGY	RECOLOGY CLEANSCAPES	2	B	TUE	2323B	6472.90	1631242.08
208	47.65045564900004	-122.40575072799999	(47.65045564900004, -122.40575072799999)	G2	RECOLOGY	RECOLOGY CLEANSCAPES	3	B	MON	1346B	5609.63	920009.60
209	47.713978489000056	-122.31249466799994	(47.713978489000056, -122.31249466799994)	G2	RECOLOGY	RECOLOGY CLEANSCAPES	2	B	THU	4321B	5345.24	1557615.43
210	47.67397014200003	-122.29747920299997	(47.67397014200003, -122.29747920299997)	G2	RECOLOGY	RECOLOGY CLEANSCAPES	2	A	TUE	2323A	4771.95	896372.15
211	47.67941564300003	-122.29037608499999	(47.67941564300003, -122.29037608499999)	G2	RECOLOGY	RECOLOGY CLEANSCAPES	2	A	TUE	2322A	5270.68	1166866.13
212	47.610022987000036	-122.30276098899998	(47.610022987000036, -122.30276098899998)	G2	RECOLOGY	RECOLOGY CLEANSCAPES	3	A	FRI	5346A	4524.78	790027.13
213	47.69402792300008	-122.32032038499995	(47.69402792300008, -122.32032038499995)	G2	RECOLOGY	RECOLOGY CLEANSCAPES	2	A	THU	4323A	7891.48	2088497.32
214	47.73399167200006	-122.31636487099996	(47.73399167200006, -122.31636487099996)	G2	RECOLOGY	RECOLOGY CLEANSCAPES	2	A	FRI	5322A	8472.92	3157706.51
215	47.66943376900008	-122.31552882799997	(47.66943376900008, -122.31552882799997)	G2	RECOLOGY	RECOLOGY CLEANSCAPES	2	A	MON	1321A	5475.62	1195762.94
216	47.677635019000036	-122.30170694699996	(47.677635019000036, -122.30170694699996)	G2	RECOLOGY	RECOLOGY CLEANSCAPES	2	B	TUE	2322B	4704.97	872050.03
217	47.64864618000007	-122.39290049899995	(47.64864618000007, -122.39290049899995)	G2	RECOLOGY	RECOLOGY CLEANSCAPES	3	A	MON	1343A	5978.26	1069772.27
218	47.686674347000064	-122.30086905299999	(47.686674347000064, -122.30086905299999)	G2	RECOLOGY	RECOLOGY CLEANSCAPES	2	B	TUE	2321B	5732.49	1159686.65
219	47.64847152300007	-122.37488601599995	(47.64847152300007, -122.37488601599995)	G2	RECOLOGY	RECOLOGY CLEANSCAPES	3	A	TUE	2343A	7661.29	1349398.38
220	47.64681259900004	-122.40467786399995	(47.64681259900004, -122.40467786399995)	G2	RECOLOGY	RECOLOGY CLEANSCAPES	3	B	MON	1341B	4599.05	945792.71
221	47.63955913800004	-122.39698741199999	(47.63955913800004, -122.39698741199999)	G2	RECOLOGY	RECOLOGY CLEANSCAPES	3	B	MON	1342B	6562.66	1232250.00
222	47.72972151100004	-122.28232631699996	(47.72972151100004, -122.28232631699996)	G2	RECOLOGY	RECOLOGY CLEANSCAPES	2	B	FRI	5320B	1379.18	90802.74
223	47.610022987000036	-122.30276098899998	(47.610022987000036, -122.30276098899998)	G2	RECOLOGY	RECOLOGY CLEANSCAPES	3	A	FRI	5344A	5916.13	1415512.70
224	47.690185272000065	-122.28533687599997	(47.690185272000065, -122.28533687599997)	G2	RECOLOGY	RECOLOGY CLEANSCAPES	2	A	WED	3322A	7910.22	1315588.58
225	47.71188529400007	-122.28528882199998	(47.71188529400007, -122.28528882199998)	G2	RECOLOGY	RECOLOGY CLEANSCAPES	2	B	FRI	5322B	6370.91	1235950.01
226	47.663027174000035	-122.28477360199997	(47.663027174000035, -122.28477360199997)	G2	RECOLOGY	RECOLOGY CLEANSCAPES	2	B	MON	1323B	9073.31	1595287.23
227	47.63496681700008	-122.34351477299998	(47.63496681700008, -122.34351477299998)	G2	RECOLOGY	RECOLOGY CLEANSCAPES	3	A	WED	3343A	8738.92	2963427.53
228	47.67214780100005	-122.28486339399996	(47.67214780100005, -122.28486339399996)	G2	RECOLOGY	RECOLOGY CLEANSCAPES	2	A	TUE	2325A	4794.47	1075230.38
229	47.59552683000004	-122.29757099399995	(47.59552683000004, -122.29757099399995)	G2	RECOLOGY	RECOLOGY CLEANSCAPES	3	B	FRI	5342B	4347.54	837775.71
230	47.63532641900008	-122.30556360099996	(47.63532641900008, -122.30556360099996)	G2	RECOLOGY	RECOLOGY CLEANSCAPES	3	B	WED	3345B	5815.12	1114062.95
231	47.62869637000006	-122.29567209999999	(47.62869637000006, -122.29567209999999)	G2	RECOLOGY	RECOLOGY CLEANSCAPES	3	A	THU	4345A	4642.33	930038.22
232	47.714045715000054	-122.32343391599994	(47.714045715000054, -122.32343391599994)	G2	RECOLOGY	RECOLOGY CLEANSCAPES	2	B	THU	4325B	7289.09	1971287.49
233	47.730135680000046	-122.30114916199994	(47.730135680000046, -122.30114916199994)	G2	RECOLOGY	RECOLOGY CLEANSCAPES	2	A	FRI	5325A	6158.64	1341884.27
234	47.717373519000034	-122.28335347399997	(47.717373519000034, -122.28335347399997)	G2	RECOLOGY	RECOLOGY CLEANSCAPES	2	B	FRI	5325B	5630.97	1026045.97
235	47.69020300900007	-122.29071387399995	(47.69020300900007, -122.29071387399995)	G2	RECOLOGY	RECOLOGY CLEANSCAPES	2	A	WED	3324A	5948.77	1431506.19
236	47.68372578100008	-122.26988960199998	(47.68372578100008, -122.26988960199998)	G2	RECOLOGY	RECOLOGY CLEANSCAPES	2	B	WED	3321B	5832.70	1812335.98
237	47.66943376900008	-122.31552882799997	(47.66943376900008, -122.31552882799997)	G2	RECOLOGY	RECOLOGY CLEANSCAPES	2	A	MON	1324A	4743.18	1231569.75
238	47.65665752500007	-122.38746147299997	(47.65665752500007, -122.38746147299997)	G2	RECOLOGY	RECOLOGY CLEANSCAPES	3	A	MON	1342A	5703.10	1300527.01
239	47.61761525800006	-122.29483735099996	(47.61761525800006, -122.29483735099996)	G2	RECOLOGY	RECOLOGY CLEANSCAPES	3	B	THU	4346B	3530.11	542124.08
240	47.62916597700007	-122.29972427799999	(47.62916597700007, -122.29972427799999)	G2	RECOLOGY	RECOLOGY CLEANSCAPES	3	A	THU	4346A	4272.55	344414.48
241	47.643241180000075	-122.35450999899996	(47.643241180000075, -122.35450999899996)	G2	RECOLOGY	RECOLOGY CLEANSCAPES	3	B	TUE	2341B	6092.01	1075537.53
242	47.69393090800003	-122.30552016399997	(47.69393090800003, -122.30552016399997)	G2	RECOLOGY	RECOLOGY CLEANSCAPES	2	A	THU	4324A	5679.65	1131782.38
243	47.72641678400004	-122.28643601299996	(47.72641678400004, -122.28643601299996)	G2	RECOLOGY	RECOLOGY CLEANSCAPES	2	A	FRI	5323A	7519.92	2021749.65
244	47.61289737800007	-122.29036042499996	(47.61289737800007, -122.29036042499996)	G2	RECOLOGY	RECOLOGY CLEANSCAPES	3	B	THU	4343B	5011.80	991139.02
245	47.63630604200006	-122.403725512	(47.63630604200006, -122.403725512)	G2	RECOLOGY	RECOLOGY CLEANSCAPES	3	B	MON	1345B	6277.47	1077513.22
246	47.71018047700005	-122.29070599399995	(47.71018047700005, -122.29070599399995)	G2	RECOLOGY	RECOLOGY CLEANSCAPES	2	A	WED	3325A	6003.01	1689031.76
247	47.63400842200008	-122.34834447799994	(47.63400842200008, -122.34834447799994)	G2	RECOLOGY	RECOLOGY CLEANSCAPES	3	A	WED	3342A	3633.70	703384.95
248	47.62865078200008	-122.30355183599994	(47.62865078200008, -122.30355183599994)	G2	RECOLOGY	RECOLOGY CLEANSCAPES	3	B	WED	3341B	4724.20	1049147.09
249	47.730748911000035	-122.28453544899997	(47.730748911000035, -122.28453544899997)	G2	RECOLOGY	RECOLOGY CLEANSCAPES	2	B	FRI	5320B	383.286059	0
250	47.608003118000056	-122.29994429599998	(47.608003118000056, -122.29994429599998)	G2	RECOLOGY	RECOLOGY CLEANSCAPES	3	B	FRI	5345B	6251.95	1017862.76
251	47.68072348100003	-122.27967489299999	(47.68072348100003, -122.27967489299999)	G2	RECOLOGY	RECOLOGY CLEANSCAPES	2	B	WED	3323B	5541.41	1188598.04
252	47.72972151100004	-122.28232631699996	(47.72972151100004, -122.28232631699996)	G2	RECOLOGY	RECOLOGY CLEANSCAPES	2	B	FRI	5324B	9498.38	1803361.33
253	47.620150489000025	-122.29122622799997	(47.620150489000025, -122.29122622799997)	G2	RECOLOGY	RECOLOGY CLEANSCAPES	3	B	THU	4345B	4382.23	747112.85
254	47.67577414200008	-122.30095518599995	(47.67577414200008, -122.30095518599995)	G2	RECOLOGY	RECOLOGY CLEANSCAPES	2	A	MON	1323A	5979.66	1235656.47
255	47.70401193400005	-122.31777241599997	(47.70401193400005, -122.31777241599997)	G2	RECOLOGY	RECOLOGY CLEANSCAPES	2	A	THU	4321A	4515.01	959111.13
256	47.70468302200004	-122.28241324299995	(47.70468302200004, -122.28241324299995)	G2	RECOLOGY	RECOLOGY CLEANSCAPES	2	B	FRI	5323B	5187.64	1140693.86
257	47.69493921600008	-122.32032311899997	(47.69493921600008, -122.32032311899997)	G2	RECOLOGY	RECOLOGY CLEANSCAPES	2	A	THU	4325A	5147.08	1143185.79
258	47.62652224500005	-122.31626219099996	(47.62652224500005, -122.31626219099996)	G2	RECOLOGY	RECOLOGY CLEANSCAPES	3	B	WED	3344B	5049.46	1322742.09
259	47.612916151000036	-122.29141225799998	(47.612916151000036, -122.29141225799998)	G2	RECOLOGY	RECOLOGY CLEANSCAPES	3	B	FRI	5341B	3855.30	907274.47
260	47.63597555400003	-122.32248465099997	(47.63597555400003, -122.32248465099997)	G2	RECOLOGY	RECOLOGY CLEANSCAPES	3	B	WED	3346B	7093.94	1943016.19
261	47.69005300400005	-122.27851392299999	(47.69005300400005, -122.27851392299999)	G2	RECOLOGY	RECOLOGY CLEANSCAPES	2	B	WED	3325B	6606.90	1451295.50
262	47.71223495000004	-122.28451714199997	(47.71223495000004, -122.28451714199997)	G2	RECOLOGY	RECOLOGY CLEANSCAPES	2	B	FRI	5326B	6701.74	1163999.56
263	47.65554219200004	-122.36598147799998	(47.65554219200004, -122.36598147799998)	G2	RECOLOGY	RECOLOGY CLEANSCAPES	3	B	TUE	2346B	7804.81	1718927.50
264	47.65409115700004	-122.40894957199998	(47.65409115700004, -122.40894957199998)	G2	RECOLOGY	RECOLOGY CLEANSCAPES	3	B	MON	1343B	10993.72	2314495.96
265	47.66126482900006	-122.28475466799995	(47.66126482900006, -122.28475466799995)	G2	RECOLOGY	RECOLOGY CLEANSCAPES	2	B	MON	1325B	6145.63	1696113.53
266	47.643313438000064	-122.31129795999999	(47.643313438000064, -122.31129795999999)	G2	RECOLOGY	RECOLOGY CLEANSCAPES	3	B	WED	3342B	6446.86	1551742.25
267	47.68842542300007	-122.26249359599996	(47.68842542300007, -122.26249359599996)	G2	RECOLOGY	RECOLOGY CLEANSCAPES	2	S	WED	MAGNUS	8336.83	3647337.45
268	47.664727835000065	-122.26854682999999	(47.664727835000065, -122.26854682999999)	G2	RECOLOGY	RECOLOGY CLEANSCAPES	2	B	MON	1324B	7359.43	2591694.07
269	47.692335101000026	-122.26757519799997	(47.692335101000026, -122.26757519799997)	G2	RECOLOGY	RECOLOGY CLEANSCAPES	2	B	WED	3324B	10249.78	2232108.85
270	47.60681699100007	-122.28606188899994	(47.60681699100007, -122.28606188899994)	G2	RECOLOGY	RECOLOGY CLEANSCAPES	3	B	FRI	5344B	5777.45	1264315.38
271	47.65046306100004	-122.36483772599996	(47.65046306100004, -122.36483772599996)	G2	RECOLOGY	RECOLOGY CLEANSCAPES	3	B	TUE	2343B	10942.45	2053014.42
272	47.636264408000045	-122.39304443099996	(47.636264408000045, -122.39304443099996)	G2	RECOLOGY	RECOLOGY CLEANSCAPES	3	B	MON	1344B	4807.87	1300347.36
273	47.63496681700008	-122.34351477299998	(47.63496681700008, -122.34351477299998)	G2	RECOLOGY	RECOLOGY CLEANSCAPES	3	A	WED	3341A	7508.40	1079095.98
274	47.712470746000065	-122.27703766799999	(47.712470746000065, -122.27703766799999)	G2	RECOLOGY	RECOLOGY CLEANSCAPES	2	B	FRI	5320B	13888.03	808042.29
275	47.65841637200003	-122.28275207499996	(47.65841637200003, -122.28275207499996)	G2	RECOLOGY	RECOLOGY CLEANSCAPES	2	B	MON	1322B	6408.65	1510135.28
276	47.654854810000074	-122.28370286299997	(47.654854810000074, -122.28370286299997)	G2	RECOLOGY	RECOLOGY CLEANSCAPES	2	A	MON	1322A	5705.85	1324949.03
277	47.636936105000075	-122.276165231	(47.636936105000075, -122.276165231)	G2	RECOLOGY	RECOLOGY CLEANSCAPES	3	A	THU	4341A	5185.45	1583941.44
278	47.52735400600005	-122.31478155799999	(47.52735400600005, -122.31478155799999)	G1	WASTEMGT	WASTE MANAGEMENT	4	B	WED	3831	7343.27	1846018.83
279	47.68679382800008	-122.32635172599998	(47.68679382800008, -122.32635172599998)	G1	WASTEMGT	WASTE MANAGEMENT	1	A	FRI	5803	6219.64	1341744.10
280	47.61864936400008	-122.36237716299996	(47.61864936400008, -122.36237716299996)	G2	RECOLOGY	RECOLOGY CLEANSCAPES	3	N	COM	COM	12001.88	6878426.86
281	47.647845827000026	-122.28554417999999	(47.647845827000026, -122.28554417999999)	G2	RECOLOGY	RECOLOGY CLEANSCAPES	3	A	THU	4344A	13007.43	4402261.39
282	47.633229766000056	-122.27575491699997	(47.633229766000056, -122.27575491699997)	G2	RECOLOGY	RECOLOGY CLEANSCAPES	3	A	THU	4343A	10086.01	2158869.12
283	47.63232416400007	-122.36175037299995	(47.63232416400007, -122.36175037299995)	G2	RECOLOGY	RECOLOGY CLEANSCAPES	3	A	TUE	2342A	10395.30	4252122.78
284	47.60173103500006	-122.34174968999997	(47.60173103500006, -122.34174968999997)	G1	WASTEMGT	WASTE MANAGEMENT	4	A	FRI	5897	7586.35	3658429.63
285	47.63226403500005	-122.33432722699996	(47.63226403500005, -122.33432722699996)	G2	RECOLOGY	RECOLOGY CLEANSCAPES	3	A	WED	3346A	16568.86	7614787.15
286	47.523333998000055	-122.25848498099998	(47.523333998000055, -122.25848498099998)	G1	WASTEMGT	WASTE MANAGEMENT	4	B	FRI	5835	15079.29	3176027.19
287	47.52735400600005	-122.31478155799999	(47.52735400600005, -122.31478155799999)	G1	WASTEMGT	WASTE MANAGEMENT	4	B	WED	3832	4284.61	798077.70
288	47.66216085500008	-122.29362148299998	(47.66216085500008, -122.29362148299998)	G2	RECOLOGY	RECOLOGY CLEANSCAPES	2	A	MON	1326A	19111.42	7672565.20
